lid,title,content,url
7c0af6744545351c11454844a233bea5,国家环境保护总局关于印发《贯彻〈国务院关于酸雨控制区和二氧化硫污染控制区有关问题的批复〉的行动方案》和《酸雨控制区和二氧化硫污染控制区二氧化硫污染综合,国家环境保护总局关于印发《贯彻〈国务院关于酸雨控制区和二氧化硫污染控制区有关问题的批复〉的行动方案》和《酸雨控制区和二氧化硫污染控制区二氧化硫污染综合防治规划编制大纲》的通知（环发〔１９９８〕２７号１９９８年４月２４日）,http://yjs.alphalawyer.cn/#/app/law-statute-manage?id=7c0af6744545351c11454844a233bea5
b1072b32d4aedef5084c9728388e7b25,机械工业部汽车工业司、公安部交通管理局关于改进《全国汽车、民用改装车和摩托车生产企业及产品目录》发布方式和公布《1997年全国汽车、民用改装车和摩托车,"['机械工业部汽车工业司、公安部交通管理局关于改进《全国汽车、民用改装车和摩托车生产企业及产品目录》发布方式和公布《１９９７年全国汽车、民用改装车和摩托车', '机械工业部汽车工业司、公安部交通管理局关于改进《全国汽车、民用改装车和摩托车生产企业及产品目录》发布方式和公布《１９９７全国汽车、民用改装车和摩托车生产企业及产品目录（第一期）》的通知（机汽产〔１９９７〕０７１号）', '各省、自治区、直辖市机械厅局（公司）、汽车办（公司），公安厅（局）、交通管理局处：']",http://yjs.alphalawyer.cn/#/app/law-statute-manage?id=b1072b32d4aedef5084c9728388e7b25
c08e528e9e34d88214b16670ac3946ba,农业部等三部门关于履行《中华人民共和国政府和南非共和国政府关于动物检疫及动物卫生的合作协定》和《中华人民共和国政府和南非共和国政府关于植物检疫的合作协,"['农业部、对外贸易经济合作部、国家出入境检验检疫局关于履行《中华人民共和国政府和南非共和国政府关于动物检疫及动物卫生的合作协定》和《中华人民共和国政府和南非共和国政府关于植物检疫的合作协定》的通知（农农发〔２０００〕１９号）', '各省、自治区、直辖市农业（农牧）厅（委员会、局）、外经贸委（厅、局）、各直属出入境检验检疫局：', '我国与南非两国政府于２０００年４月２５日在南非首都比勒陀利亚签署了《中华人民共和国政府和南非共和国政府关于动物检疫及动物卫生的合作协定》和《中华人民共和国政府和南非共和国政府关于植物检疫的合作协定》。上述协定从２０００年１１月１４日起生效。']",http://yjs.alphalawyer.cn/#/app/law-statute-manage?id=c08e528e9e34d88214b16670ac3946ba
c3062c5d3193f9a408365c3880277159,上海证券交易所关于发布《上市公司日常信息披露工作备忘录》第十二号及相关分行业披露指引的通知（附：《上海证券交易所上市公司分行业经营性信息披露指引第一号——房地产》、《上海证券交易所上市公司分行业经营性信息披露指引第二号——石油和天燃气开采》、《上海证?,"['上海证券交易所关于发布《上市公司日常信息披露工作备忘录》第十二号及相关分行业披露指引的通知(附：《上海证券交易所上市公司分行业经营性信息披露指引第一号——房地产》、《上海证券交易所上市公司分行业经营性信息披露指引第二号——石油和天燃气开采》、《上海证?', '上海证券交易所关于发布《上市公司日常信息披露工作备忘录》第十二号及相关分行业披露指引的通知', '各上市公司：']",http://yjs.alphalawyer.cn/#/app/law-statute-manage?id=c3062c5d3193f9a408365c3880277159
45dc7a2a0463eda0227a8b7f4a947b4b,马鞍山市人民政府办公室印发关于《马鞍山市中小微企业还贷应急周转资金管理办法》、《马鞍山市中小出口企业专项担保贷款风险补偿基金管理暂行办法》、《关于支持中小企业融资担保的实施意见》、《马鞍山市小额贷款担保基金管理暂行办法》、《马鞍山市小微企业贷款风险补,"['马鞍山市人民政府办公室印发关于金融支持经济结构调整和转型升级配套办法的通知（马政办〔2013〕94号）', '各县、区人民政府，市政府各部门、直属机构，有关单位：', '经市政府同意，现将《马鞍山市中小微企业还贷应急周转资金管理办法》、《马鞍山市中小出口企业专项担保贷款风险补偿基金管理暂行办法》、《关于支持中小企业融资担保的实施意见》、《马鞍山市小额贷款担保基金管理暂行办法》、《马鞍山市小微企业贷款风险补偿基金管理暂行办法》、《关于在全市开展“税融通”业务试点工作的实施意见》印发给你们，望认真贯彻执行。']",http://yjs.alphalawyer.cn/#/app/law-statute-manage?id=45dc7a2a0463eda0227a8b7f4a947b4b
4657bc001f4c275c228b713ff36cd4c4,中共四川省委办公厅、四川省人民政府办公厅关于贯彻《县级以下党政领导干部任期经济责任审计暂行规定》和《国有企业及国有控股企业领导人员任期经济责任审计暂行,"['中共四川省委办公厅四川省人民政府办公厅关于贯彻《县级以下党政领导干部任期经济责任审计暂行规定》和《国有企业及国有控股企业领导人员任期经济责任审计暂行规定》的意见（二０００年四月二十五日川委办〔２０００〕３５号）', '《中共中央办公厅国务院办公厅关于印发〈县级以下党政领导干部任期经济责任审计暂行规定〉和〈国有企业及国有控股企业领导人员任期经济责任审计暂行规定〉的通知》（中办发〔１９９９〕２０号，以下简称两个《暂行规定》），对加强领导干部的管理和监督，正确评价领导干部的任期经济责任，促进领导干部勤政廉政、忠实履行职责有着极为重要的意义。为认真贯彻落实两个《暂行规定》，建立和完善我省的领导干部任期经济责任审计制度，经省委、省政府领导同意，结合我省实际特提出以下意见，请与两个《暂行规定》一并贯彻执行。', '一、各级党委、政府要切实加强对领导干部任期经济责任审计工作的领导，把对县级以下党政机关党政正职和国有及国有控股企业领导人任期经济责任审计工作纳入议事日程，建立由各级纪检、组织、监察、人事、审计部门参加的领导干部任期经济责任审计工作联席会议制度（各级联席会议办公室设在审计机关），统一组织，合理计划，加强协作。适时召开任期经济责任审计工作联席会议，及时解决领导干部任期经济责任审计中出现的问题；各级纪检、组织、监察、人事部门要加强对下级部门的指导，促进领导干部任期经济责任审计工作的顺利开展。']",http://yjs.alphalawyer.cn/#/app/law-statute-manage?id=4657bc001f4c275c228b713ff36cd4c4
304da2a292b569e3613c9047d3756c1a,上海市教育委员会关于中国地质大学（武汉）申请在上海市设立现代远程教育校外学习中心的复函中国地质大学（武汉）：你校《中国地质大学（武汉）关于在上海市建立网络教育学院上海学习中心的请示函》（地大函字〔2007〕39号）收悉。根据教育部办公厅《关于印发〈关于现代远程教育校外学习中心（点）暂行管理办法〉的通知,"['上海市教育委员会文件', '上海市教育委员会关于中国地质大学（武汉）申请在上海市设立现代远程教育校外学习中心的复函', '中国地质大学（武汉）：']",http://yjs.alphalawyer.cn/#/app/law-statute-manage?id=304da2a292b569e3613c9047d3756c1a
2d525cc29a8b0b8f16cf59e578d9107a,江苏省财政厅、经贸委关于印发《江苏省工业经济新增长点扶持资金管理办法》和《江苏省工业企业增效扶持资金,"['江苏省经济贸易委员会', '江苏省财政厅', '关于印发《江苏省工业经济新增长点扶持资金管理办法》和《江苏省工业企业增效扶持资金管理办法》的通知']",http://yjs.alphalawyer.cn/#/app/law-statute-manage?id=2d525cc29a8b0b8f16cf59e578d9107a
f5e17a4be0861e40fb7f518f5013ccae,转发市建设局《关于市区集体土地拆迁安置房建设管理的意见》《关于实行房屋拆...,"['镇江市人民政府办公室文件', '转发市建设局《关于市区集体土地拆迁安置房建设管理的意见》《关于实行房屋拆迁工作属地负责制的意见》的通知', '各辖市、区人民政府，镇江新区管委会，市各委办局，各直属单位、企事业单位：']",http://yjs.alphalawyer.cn/#/app/law-statute-manage?id=f5e17a4be0861e40fb7f518f5013ccae
803bbd12b52caf54767dc48463a2f67d,四川省人民政府办公厅关于印发《四川省动物检疫员和动物防疫监督员管理办法》、《四川省动物防疫合格证管理办法》、《四川省动物诊疗许可证管理办法》、《四川省,"['四川省人民政府办公厅关于印发《四川省动物检疫员和动物防疫监督员管理办法》等四个办法的通知（二００一年三月二十七日川办发〔２００１〕２０号）', '《四川省动物检疫员和动物防疫监督员管理办法》、《四川省动物防疫合格证管理办法》、《四川省动物诊疗许可证管理办法》、《四川省动物动物产品申报检疫办法》已经省政府同意，现印发你们，请遵照执行。', '四川省动物检疫员和动物防疫监督员管理办法']",http://yjs.alphalawyer.cn/#/app/law-statute-manage?id=803bbd12b52caf54767dc48463a2f67d
c9cc21799eca68b51d072fb5e353f17a,关于《关于持久性有机污染物的斯德哥尔摩公约》新增列九种持久性有机污染物的《关于附件A、附件B和附件C?,"['环境保护部、外交部、发展改革委、科技部、工业和信息化部、住房城乡建设部、农业部、商务部、卫生计生委、海关总署、质检总局、安全监管总局公告', '关于《关于持久性有机污染物的斯德哥尔摩公约》新增列九种持久性有机污染物的', '《关于附件A、附件B和附件C修正案》和新增列硫丹的《关于附件A修正案》生效的公告']",http://yjs.alphalawyer.cn/#/app/law-statute-manage?id=c9cc21799eca68b51d072fb5e353f17a
e3359932fe6317596330d726317cd8a5,民政部关于印发《2014年中央财政支持社会组织参与社会服务项目实施方案》的通知（附：《2014年中央财政支持社会组织参与社会服务项目申报办法》、《2014年中央财政支持社会组织参与社会服务项目执行办法》、《2014年中央财政支持社会组织参与社会服务项目人员培训示范项?,"['民政部关于印发《2014年中央财政支持社会组织参与社会服务项目实施方案》的通知(附：《2014年中央财政支持社会组织参与社会服务项目申报办法》、《2014年中央财政支持社会组织参与社会服务项目执行办法》、《2014年中央财政支持社会组织参与社会服务项目人员培训示范项?', '民政部关于印发《2014年中央财政支持社会组织参与社会服务项目实施方案》的通知', '各省、自治区、直辖市民政厅（局），各计划单列市民政局，新疆生产建设兵团民政局，各社会组织：']",http://yjs.alphalawyer.cn/#/app/law-statute-manage?id=e3359932fe6317596330d726317cd8a5
5fd838be51b463a3f4cf2c4f6f42dc69,哈尔滨高新技术开发区管理委员会关于印发《哈高新区鼓励和支持创新创业暂行办法实施细则》、《哈高新区鼓励创业投资机构暂行办法实施细则》、《哈高新区鼓励和支持国际科技合作项目入驻哈尔滨科技创新城暂行办法实施细则》、《哈高新区鼓励和支持中国科学院项目入驻哈尔,哈尔滨高新技术开发区管理委员会关于印发《哈高新区鼓励和支持创新创业暂行办法实施细则》、《哈高新区鼓励创业投资机构暂行办法实施细则》、《哈高新区鼓励和支持国际科技合作项目入驻哈尔滨科技创新城暂行办法实施细则》、《哈高新区鼓励和支持中国科学院项目入驻哈尔滨科技创新城暂行办法实施细则》等细则的通知（哈高开委发〔2010〕59号）,http://yjs.alphalawyer.cn/#/app/law-statute-manage?id=5fd838be51b463a3f4cf2c4f6f42dc69
acb9351a21f779bb0e110af91c2f2444,四川省人民政府关于印发《四川省培育和壮大重点优势企业规划》、《四川省2001－2003企业技术进步规划》、《四川省2001－2005年国有企业退出规划,"['四川省人民政府关于印发《四川省培育和壮大重点优势企业规划》、《四川省２００１－２００３企业技术进步规划》、《四川省２００１－２００５年国有企业退出规划', '四川省人民政府关于印发《四川省培育和壮大重点优势企业规划》、《四川省２００１－２００３年企业技术进步规划》、《四川省２００１－２００５年国有企业退出规划》的通知（川府发［２００１］３０号二００一年八月十五日）', '按照省委、省政府的安全，省经贸委编制的《四川省培育和壮大重点优势企业规划》、《四川省２００１－２００３年企业技术进步规划》、《四川省２００１－２００５年国有企业退出规划》已经省政府同意，现印发你们。请结合本地区、本部门实际，认真组织实施。']",http://yjs.alphalawyer.cn/#/app/law-statute-manage?id=acb9351a21f779bb0e110af91c2f2444
74b8a2a387b8f967ee02f1c65e6b42cf,农业部办公厅关于印发《农村劳动力培训阳光工程农民合作社管理人员分类培训规范》、《农村劳动力培训阳光工程农村经纪人培训规范》、《农村劳动力培训阳光工程农作物病虫防治员培训规范》、《农村劳动力培训阳光工程农业机械操作人员培训规范》、《农村劳动力培训阳光工,"['农业部办公厅关于印发《农村劳动力培训阳光工程农民合作社管理人员分类培训规范》等10类培训规范的通知（农办科〔2013〕66号）', '各省（自治区、直辖市）农业（农牧、农村经济）厅（委、局、办），新疆生产建设兵团农业局，黑龙江省农垦总局、广东省农垦总局，有关计划单列市农业局：', '为进一步规范农村劳动力培训阳光工程项目实施，我部组织编制了《农村劳动力培训阳光工程农民合作社经营管理人员培训规范》等10类培训规范，现印发给你们。请各地根据当地产业发展需求和农民实际需要，参照培训规范要求科学制定培训计划，选聘教学经验丰富的教师，组织编写或选配高质量培训教材，强化培训过程管理，确保培训针对性和有效性。我部尚未发布培训规范的，请各省根据本省工作实际抓紧制定相应的培训规范并组织实施。各省要及时总结经验、反馈执行效果和存在的问题。此前发布的有关培训规范与此重复的，以本次发布的为准。']",http://yjs.alphalawyer.cn/#/app/law-statute-manage?id=74b8a2a387b8f967ee02f1c65e6b42cf
4897d40ac606b33136176f8ea6d2939b,南宁市财政局关于印发南宁市财政局政府信息公开等相关制度的通知（附：《南宁市财政局政府信息公开工作年度报告制度》、《南宁市财政局向政府信息查阅场所提供主动公开政府信息工作规定》、《南宁市财政局政府信息公开新闻发布管理制度》、《南宁市财政局政府信息公开考?,"['南宁市财政局关于印发南宁市财政局政府信息公开等相关制度的通知(附：《南宁市财政局政府信息公开工作年度报告制度》、《南宁市财政局向政府信息查阅场所提供主动公开政府信息工作规定》、《南宁市财政局政府信息公开新闻发布管理制度》、《南宁市财政局政府信息公开考?', '南宁市财政局关于印发南宁市财政局政府信息公开相关制度的通知（南财办〔2013〕183号）', '各科室、局属各单位：']",http://yjs.alphalawyer.cn/#/app/law-statute-manage?id=4897d40ac606b33136176f8ea6d2939b
e33a38fc78b78d94823d06919fb58c97,《银行间债券市场非金融企业债务融资工具注册规则》、《银行间债券市场非金融企业债务融资工具信息披露规则》、《银行间债券市场非金融企业债务融资工具中介服务规则》、《银行间债券市场非金融企业债务融资工具募集说明书?,中国银行间市场交易商协会公告[2008]第2号——《银行间债券市场非金融企业债务融资工具注册规则》、《银行间债券市场非金融企业债务融资工具信息披露规则》、《银行间债券市场非金融企业债务融资工具中介服务规则》、《银行间债券市场非金融企业债务融资工具募集说明书?,http://yjs.alphalawyer.cn/#/app/law-statute-manage?id=e33a38fc78b78d94823d06919fb58c97
28d9239a8347635678b1b013693141d9,北京市高级人民法院关于停止执行京高法（1992）80号、京高法发（1992）199号中的《人民法院第一审行政案件庭审程序（暂行）》、《人民法院行政诉讼文书样式（暂行）》和《关于行政案件申请延长审理期限的规定（试行）》以及京高法发（1994）241号《关于对公路养路费管理部门申请人民,"['北京市高级人民法院关于停止执行京高法(1992)80号、京高法发(1992)199号中的《人民法院第一审行政案件庭审程序(暂行)》、《人民法院行政诉讼文书样式(暂行)》和《关于行政案件申请延长审理期限的规定(试行)》以及京高法发(1994)241号《关于对公路养路费管理部门申请人民', '北京市高级人民法院关于停止执行京高法（1992）80号和京高法发（1992）199号等文件的通知（2001年3月27日）', '市第一、第二中级人民法院；各区、县人民法院：']",http://yjs.alphalawyer.cn/#/app/law-statute-manage?id=28d9239a8347635678b1b013693141d9
2acae8aa4b5610afd869c34378d34fc3,关于发布中华人民共和国实行能源效率标识的产品目录（第十一批）、《吸油烟机能源效率标识实施规则》、《热泵热水机（器）能源效率标识实施规则》、《家用电磁灶能源效率标,"['国家发展和改革委员会、国家质量监督检验检疫总局、国家认证认可监督管理委员会公告2014年第18号――关于发布中华人民共和国实行能源效率标识的产品目录(第十一批)、《吸油烟机能源效率标识实施规则》、《热泵热水机(器)能源效率标识实施规则》、《家用电磁灶能源效率标', '国家发展和改革委员会、国家质量监督检验检疫总局、国家认证认可监督管理委员会公告', '根据《能源效率标识管理办法》（国家发展改革委和国家质检总局第17号令）规定，国家发展改革委、国家质检总局和国家认监委组织制定了《中华人民共和国实行能源效率标识的产品目录（第十一批）》、《吸油烟机能源效率标识实施规则》、《热泵热水机（器）能源效率标识实施规则》、《家用电磁灶能源效率标识实施规则》（修订）和《复印机、打印机和传真机能源效率标识实施规则》（修订），现予公告。']",http://yjs.alphalawyer.cn/#/app/law-statute-manage?id=2acae8aa4b5610afd869c34378d34fc3
a47e8663e6f2edeac1cb2a30c8b3655b,建设部人教司等关于印发《建设部社会团体工作人员管理细则》、《建设部社会团体领导干部管理细则》、《建设部社会团体机构管理细则》、《建设部社会团体招聘工作,"['建设部人教司等关于印发《建设部社会团体工作人员管理细则》等四项《细则》的通知（建人教直〔２０００〕字第１６９号）', '建设部管理的各社会团体：', '现将根据《建设部社会团体管理办法》制订的《建设部社会团体工作人员管理细则》、《建设部社会团体领导干部管理细则》、《建设部社会团体机构管理细则》、《建设部社会团体招聘工作人员工作细则》印发给你们，请遵照执行。']",http://yjs.alphalawyer.cn/#/app/law-statute-manage?id=a47e8663e6f2edeac1cb2a30c8b3655b
459fdf127f97dffd9b0c11361836e051,《上海市教育委员会关于印发〈关于加强本市中等职业学校职业指导和毕业生工作的意见〉的通知,上海市教育委员会关于印发《关于加强本市中等职业学校职业指导和毕业生工作的意见》的通知,http://yjs.alphalawyer.cn/#/app/law-statute-manage?id=459fdf127f97dffd9b0c11361836e051
66843b33060a0d1bc756de82af4cfc1d,江门市人民政府办公室关于印发《江门市建立多元化社会养老服务体系实施方案》、《江门市建立和完善社会组织参与社会管理工作体系实施方案》、《江门市建设城乡社区服务体系实施方案》、《江门市建设综合性社会救助体系实施方案》、《政府向社会组织购买服务监督管理暂行,"['江门市人民政府办公室关于印发《江门市建立多元化社会养老服务体系实施方案》等六个加强社会建设文件的通知（江府办〔2014〕1号）', '各市、区人民政府，市各单位：', '为贯彻落实《中共江门市委办公室江门市人民政府办公室关于印发〈江门市“大民政”工作方案〉的通知》（江办发〔2013〕14号）精神，经市人民政府同意，现将《江门市建立多元化社会养老服务体系实施方案》、《江门市建立和完善社会组织参与社会管理工作体系实施方案》、《江门市建设城乡社区服务体系实施方案》、《江门市建设综合性社会救助体系实施方案》、《政府向社会组织购买服务监督管理暂行办法》和《江门市“大民政”信息化建设工作方案》等六个配套文件印发给你们，请结合实际认真贯彻执行。']",http://yjs.alphalawyer.cn/#/app/law-statute-manage?id=66843b33060a0d1bc756de82af4cfc1d
34e34a60bb00d31e1b590a686b82d52a,海关总署、国家经贸委关于下发《阴极铜（电解铜）加工贸易单耗标准》、《铝锭加工贸易单耗标准》和《工业钝钛及钛合金（Ｔｉ－6ＡＩ－4Ｖ铸锭加工贸易单耗标准,"['海关总署、国家经贸委关于下发《阴极铜(电解铜)加工贸易单耗标准》、《铝锭加工贸易单耗标准》和《工业钝钛及钛合金(Ｔｉ－6ＡＩ－4Ｖ铸锭加工贸易单耗标准', '海关总署、国家经贸委关于下发《阴极铜（电解铜）加工贸易单耗标准》、《铝锭加工贸易单耗标准》和《工业纯钛及钛合金（Ｔｉ－６Ａｌ－４Ｖ）铸锭加工贸易单耗标准》的通知（署税函[2001]118号２００１年４月２６日发布）', '广东分署，各直属海关：']",http://yjs.alphalawyer.cn/#/app/law-statute-manage?id=34e34a60bb00d31e1b590a686b82d52a
8d655c387b900b732ec89c77fccd0298,全国人民代表大会常务委员会关于批准《〈禁止或限制使用某些可被认为具有过分伤害力或滥杀滥伤作用的常规武器公约〉所附的〈禁止或限制使用地雷、诱杀装置和其他装置的修正议定书〉》和《〈禁止或限制使用某些可被认为具有过分伤害力或滥杀滥伤作用的常规武器公约〉附加议定,['第九届全国人民代表大会常务委员会第四次会议决定：批准《〈禁止或限制使用某些可被认为具有过分伤害力或滥杀滥伤作用的常规武器公约〉所附的〈禁止或限制使用地雷、诱杀装置和其他装置的修正议定书〉》（修正的第二号议定书）和《〈禁止或限制使用某些可被认为具有过分伤害力或滥杀滥伤作用的常规武器公约〉附加议定书》（第四号议定书）。'],http://yjs.alphalawyer.cn/#/app/law-statute-manage?id=8d655c387b900b732ec89c77fccd0298
bfb75daec3ea1bb9d874d7e85c5d10a6,《上海市教育委员会、上海市卫生局关于颁发〈上海市托幼园所办学等级标准,上海市教育委员会、上海市卫生局关于颁发《上海市托幼园所办学等级标准（试行）》的通知,http://yjs.alphalawyer.cn/#/app/law-statute-manage?id=bfb75daec3ea1bb9d874d7e85c5d10a6
57a276ffe5ed950ef30749e5167e2961,广东省卫生计生委、广东省物价局、广东省食品药品监管局关于印发广东省医疗机构药品交易办法相关配套文件的通知（附：《广东省卫生和计划生育委员会、广东省物价局、广东省食品药品监督管理局关于广东省医疗机构药品交易议价的管理细则》、《广东省卫生和计划生育委员会?,"['广东省卫生计生委、广东省物价局、广东省食品药品监管局关于印发广东省医疗机构药品交易办法相关配套文件的通知(附：《广东省卫生和计划生育委员会、广东省物价局、广东省食品药品监督管理局关于广东省医疗机构药品交易议价的管理细则》、《广东省卫生和计划生育委员会?', '广东省卫生计生委、广东省物价局、广东省食品药品监管局关于印发广东省医疗机构药品交易办法相关配套文件的通知（粤卫〔2014〕5号）', '各地级以上市及顺德区卫生计生局（委）、物价局、食品药品监管局，部属、省属驻穗医药院校附属医院、省卫生计生委直属有关医院：']",http://yjs.alphalawyer.cn/#/app/law-statute-manage?id=57a276ffe5ed950ef30749e5167e2961
7b5c60ea3cc659f6d2801344c5af1e37,青海省人民政府办公厅关于印发《省政府领导班子学习制度（试行）》、《省政府务虚会制度（试行）》、《关于建立领导信访接待日制度的规定（试行）》和《关于加强,青海省人民政府办公厅关于印发《省政府领导班子学习制度（试行）》、《省政府务虚会制度（试行）》、《关于建立领导信访接待日制度的规定（试行）》和《关于加强督促检查狠抓工作落实的规定（试行》的通知,http://yjs.alphalawyer.cn/#/app/law-statute-manage?id=7b5c60ea3cc659f6d2801344c5af1e37
2e957be3c58dbebc47a7fbf8ce2fcb,河南省教育厅关于印发《河南省中等职业学校公共基础课水平测试与专业技能考核实施细则（试行）》、《河南省中等职业学校公共基础课水平测试与专业技能考核考生守则》、《河南省中等职业学校公共基础课水平测试与专业技能考核考生违纪舞弊处理规定》、《河南省中等职业学校,"['河南省教育厅关于印发《河南省中等职业学校公共基础课水平测试与专业技能考核实施细则(试行)》、《河南省中等职业学校公共基础课水平测试与专业技能考核考生守则》、《河南省中等职业学校公共基础课水平测试与专业技能考核考生违纪舞弊处理规定》、《河南省中等职业学校', '河南省教育厅关于印发《河南省中等职业学校公共基础课水平测试与专业技能考核实施细则（试行）》等四个文件的通知（教职成〔2014〕316号）', '各省辖市、省直管县（市）教育局，各省属中等职业学校：']",http://yjs.alphalawyer.cn/#/app/law-statute-manage?id=2e957be3c58dbebc47a7fbf8ce2fcb
491221e6023c950bf782fa816f220518,关于芮城县金馥康生物药业有限公司等19家企业核发《兽药GMP证书》和《兽药生产许可证及广西大银田兽药有限公司通过兽药GMP检查验收的公告,"['根据《兽药管理条例》和《兽药生产质量管理规范》的规定，经现场检查及审核，芮城县金馥康生物药业有限公司等19家企业符合兽药GMP要求以及兽药生产许可证核发条件，现核发《兽药GMP证书》和《兽药生产许可证》，详见《兽药GMP及生产许可证目录》；经现场检查及审核，广西大银田兽药有限公司通过兽药GMP检查验收，现核发《兽药GMP证书》，详见《兽药GMP合格企业目录》。', '特此公告。', '农业部']",http://yjs.alphalawyer.cn/#/app/law-statute-manage?id=491221e6023c950bf782fa816f220518
608fb813b6c23f3c40e7c29dad71d581,关于发布《水产养殖用抗菌药物药效试验技术指导原则》、《水产养殖用抗菌药物田间药效试验技术指导原则》、《水产养殖用驱（杀）虫药物药效试验技术指导原则》、《水产养殖用驱（杀）虫药物田间药效试验技术指导原则》、《水产养殖用消毒剂药效试验技,"['农业部公告第2017号――关于发布《水产养殖用抗菌药物药效试验技术指导原则》、《水产养殖用抗菌药物田间药效试验技术指导原则》、《水产养殖用驱(杀)虫药物药效试验技术指导原则》、《水产养殖用驱(杀)虫药物田间药效试验技术指导原则》、《水产养殖用消毒剂药效试验技', '为加强兽药研究指导工作，规范兽药研究活动，提高兽药研究水平，根据《兽药管理条例》等有关规定，我部组织制定了《水产养殖用抗菌药物药效试验技术指导原则》等5个兽药研究技术指导原则，现予发布，请参照执行。', '特此公告。']",http://yjs.alphalawyer.cn/#/app/law-statute-manage?id=608fb813b6c23f3c40e7c29dad71d581
e63964dad5840d96f3fb33ee28b791a0,中共广州市委办公厅关于印发《广州市国有资产管理、监督和营运体系改革的实施办法》、《广州市深化国有企业领导体制改革的实施办法》和《广州市国有企业分配制度,中共广州市委办公厅关于印发《广州市国有资产管理、监督和营运体系改革的实施办法》、《广州市深化国有企业领导体制改革的实施办法》和《广州市国有企业分配制度改革实施办法》的通知（穗办〔２０００〕３号）,http://yjs.alphalawyer.cn/#/app/law-statute-manage?id=e63964dad5840d96f3fb33ee28b791a0
64383ff613141716bb4c89f8dc68b3ce,中共广州市委办公厅、广州市人民政府办公厅关于印发《广州市党政领导干部任期经济责任审计实施办法（试行）》和《广州市国有企业及国有控股企业领导人员任期经济,中共广州市委办公厅、广州市人民政府办公厅关于印发《广州市党政领导干部任期经济责任审计实施办法（试行）》和《广州市国有企业及国有控股企业领导人员任期经济责任审计实施办法（试行）》的通知（穗办〔２００１〕２６号）,http://yjs.alphalawyer.cn/#/app/law-statute-manage?id=64383ff613141716bb4c89f8dc68b3ce
6226291ff3985cc9352d28e257af2063,交通部关于废止《交通部专用长途电话使用暂行办法》、《交通部专用长途电话交换处理》、《交通部真迹电报使用暂行办法》和《交通部专用长途电话交换处理,交通部关于废止《交通部专用长途电话使用暂行办法》、《交通部专用长途电话交换处理》、《交通部真迹电报使用暂行办法》和《交通部专用长途电话交换处理的补充规定》的通知（１９９０年１２月２９日（９０）交政法字７１１号）,http://yjs.alphalawyer.cn/#/app/law-statute-manage?id=6226291ff3985cc9352d28e257af2063
ef13a090c9d47dd57dabf148a387c068,《上海市教育委员会关于印发〈关于贯彻〈上海市高等学校教师职务和其他专业技术职务聘任办法〉的实施细...,"['上海市教育委员会关于印发《关于贯彻〈上海市高等学校教师职务和其他专业技术职务聘任办法〉的实施细则（试行）》的通知', '各委、办、局，高等学校：', '现将《关于贯彻〈上海市高等学校教师职务和其他专业技术职务聘任办法〉的实施细则（试行）》印发给你们，请在高等学校教师职务和其他专业技术职务聘任时遵照试行，在试行中遇到问题，请及时向市教委人事处反映，以便进一步修改完善。']",http://yjs.alphalawyer.cn/#/app/law-statute-manage?id=ef13a090c9d47dd57dabf148a387c068
82eb8dac575afb027826a35d18ae2765,铁道部印发《铁路住房公积金管理暂行办法》、《铁路住房基金管理暂行办法》、《铁路公有住房租金改革暂行办法》、《铁路出售公有住房暂行办法》和《铁路公有住房,"['*注：本篇法规已被《铁道部关于公布铁道部规章及规范性文件清理结果的通知》（发布日期：2003年6月17日实施日期：2003年6月17日）废止', '《铁路住房公积金管理暂行办法》等五个办法', '铁路住房公积金管理暂行办法']",http://yjs.alphalawyer.cn/#/app/law-statute-manage?id=82eb8dac575afb027826a35d18ae2765
d4759ddda5d6e150468b0a9452679872,关于修改《苏州市规划局规划编制项目设计招标投标工作操作规程》和《苏州市规划局违法建设行政处罚操作规程,关于修改《苏州市规划局规划编制项目设计招标投标工作操作规程》和《苏州市规划局违法建设行政处罚操作规程》的通知,http://yjs.alphalawyer.cn/#/app/law-statute-manage?id=d4759ddda5d6e150468b0a9452679872
fdb3d293eb04e05ae5234ec839f38b5c,"《上海市教育委员会关于印发〈上海市学校国防、民防教育工作""十五""计划","['上海市教育委员会关于印发《上海市学校国防、民防教育工作“十五”计划（2001—2005年）》的通知', '各高校，各区县教育局、浦东新区社发局，各委、办、局、控股集团公司教育处：', '为贯彻《中华人民共和国国防教育法》和国务院办公厅中央军委办公厅转发《教育部总参谋部总政治部关于在普通高等学校和高级中学开展学生军事训练工作意见的通知》精神，我委制定了《上海市学校国防民防教育工作“十五”计划》，现印发给你们，望加强领导，采取措施，认真贯彻实施，以进一步规范和推动本市学校国防民防教育工作的开展。']",http://yjs.alphalawyer.cn/#/app/law-statute-manage?id=fdb3d293eb04e05ae5234ec839f38b5c
388e821518200d74f99a1eec2dab1f6e,《上海市教育委员会关于2004年本市生源师范专业毕业生就业及招聘其他高校应届毕业生担任普教教师的意见...,"['上海市教育委员会关于2004年本市生源师范专业毕业生就业及招聘其他高校应届毕业生担任普教教师的意见', '华东师范大学、上海师范大学、各区县教育局、浦东新区社会发展局、各中等专业学校、市教委直属单位：', '根据本市师资发展的总体规划及重点向农村学校、市区相对薄弱学校倾斜的原则，现就2004年本市生源师范专业毕业生就业及招聘其他高校应届毕业生担任普教教师工作提出如下意见：']",http://yjs.alphalawyer.cn/#/app/law-statute-manage?id=388e821518200d74f99a1eec2dab1f6e
e4221558e9d05fa05e8851f843eb8e55,苏州市政府投资建筑工程预选承包商资格审查委员会关于印发《苏州市政府投资建筑工程（房屋建筑、市政公用、建筑装饰、园林绿化、房屋修缮）预选承包商配套文件》、《苏州市政府投资建筑工程（招标代理）预选承包商配套文件》、《苏州市政府投资建筑工程（造价咨询）预选承包商,苏州市政府投资建筑工程预选承包商资格审查委员会关于印发《苏州市政府投资建筑工程（房屋建筑、市政公用、建筑装饰、园林绿化、房屋修缮）预选承包商配套文件》、《苏州市政府投资建筑工程（招标代理）预选承包商配套文件》、《苏州市政府投资建筑工程（造价咨询）预选承包商配套文件》的通知（苏预选委〔2014〕7号）,http://yjs.alphalawyer.cn/#/app/law-statute-manage?id=e4221558e9d05fa05e8851f843eb8e55
9aa50b1353badc0788b72e345953f784,转发国家税务总局关于印发《个体工商户建账管理暂行办法》和《个体工商户定期定额暂行办法》和《个体工商户定期定额,"['各分局：', '现将《国家税务总局关于印发〈个体工商户建帐管理暂行办法〉和〈个体工商户定期定额管理暂行办法〉的通知》（国税发[1997]101号）转发给你们，请认真组织学习。', '附件：']",http://yjs.alphalawyer.cn/#/app/law-statute-manage?id=9aa50b1353badc0788b72e345953f784
c9744466a1e0f189a2057dcdc6a3b6dd,建设部关于印发《乡村城市化试点县（市）工作要点》和《试点县（市）乡村城市化指标体系（试行稿）的通知,建设部关于印发《乡村城市化试点县（市）工作要点》和《试点县（市）乡村城市化指标体系（试行稿）》的通知（１９９６年９月１８日建村字第５２６号文发布）,http://yjs.alphalawyer.cn/#/app/law-statute-manage?id=c9744466a1e0f189a2057dcdc6a3b6dd
b4344fc11712b22778ecfe8887c1fb46,《关于印发〈关于加强本市社区教育工作的意见〉的通知,关于印发《关于加强本市社区教育工作的意见》的通知,http://yjs.alphalawyer.cn/#/app/law-statute-manage?id=b4344fc11712b22778ecfe8887c1fb46
3b2e70a2150fefcc8793f427652fcf71,上海市教育委员会、上海市体育局关于转发《教育部、国家体育总局关于实施〈国家学生体质健康标准〉的通知》和《教育部办公厅关于〈国家学生体质健康标准〉有关测试方法、器材规格的通知,上海市教育委员会、上海市体育局关于转发《教育部、国家体育总局关于实施〈国家学生体质健康标准〉的通知》和《教育部办公厅关于〈国家学生体质健康标准〉有关测试方法、器材规格的通知》的通知,http://yjs.alphalawyer.cn/#/app/law-statute-manage?id=3b2e70a2150fefcc8793f427652fcf71
8552f6d7ae23de67e9ddfcc8071bdd53,关于印发《苏州市规划局规划编制项目设计招标投标工作操作规程》和《苏州市规划局违法建设行政处罚操作规程,"['各处（室）、分局、基层单位：', '《苏州市规划局规划编制项目设计招标投标工作操作规程》和《苏州市规划局违法建设行政处罚操作规程》已经局长办公会议讨论通过，现印发你们，望认真贯彻执行。', '附：1.《苏州市规划局规划编制项目设计招标投标工作操作规程》；']",http://yjs.alphalawyer.cn/#/app/law-statute-manage?id=8552f6d7ae23de67e9ddfcc8071bdd53
9bff8ac4fefec1253409b21488b1b50d,中国注册会计师协会关于印发《中国注册会计师审计准则问题解答第1号——职业怀疑》、《中国注册会计师审计准则问题解答第2号——函证》、《中国注册会计师审计准则问题解答第3号——存货监盘》、《中国注册会计师审计准则问题解答第4号——收入确认》、《中国注册会计师,"['中国注册会计师协会关于印发《中国注册会计师审计准则问题解答第1号——职业怀疑》等六项审计准则问题解答的通知（会协[2013]77号）', '各省、自治区、直辖市注册 会计师协会：', '为了指导注册 会计师更好地运用中国注册 会计师审计准则，解决审计实务问题，防范审计风险，我会起草了《中国注册会计师审计准则问题解答第1号--职业怀疑》等六项审计准则问题解答，现予印发，自2014年1月1日起施行。']",http://yjs.alphalawyer.cn/#/app/law-statute-manage?id=9bff8ac4fefec1253409b21488b1b50d
e679ecb1011368c89c47e16a06e41b9,中共中央办公厅、国务院办公厅印发中共中央组织部、卫生部《关于对离休老干部和党内外知名人士、专家扩大医疗照顾的报告》、《中央、国家机关在京单位离休老干部,"['中共中央办公厅、国务院办公厅印发中共中央', '组织部、卫生部《关于对离休老干部和党内外知名人士、专家扩大医疗照顾的报告》、《中央、国家机关在京单位离休老干部和知名人士、专家医疗保健暂行办法》', '国办发〔1982〕54号）']",http://yjs.alphalawyer.cn/#/app/law-statute-manage?id=e679ecb1011368c89c47e16a06e41b9
df225d2600db1fa5e2cabc91f1745496,转发苏州市人民政府《市政府关于印发苏州市市区生活垃圾处理费征管办法的通知》及苏州市市政公用局、苏州市财政局、苏州市物价局《苏州市平江、沧浪、金阊三城区生活垃圾处理费单位承,"['市区第一、二、三税务分局：', '现将《市政府关于印发苏州市市区生活垃圾处理费征管办法的通知》（苏州市政府苏府〔2007〕65号）和《苏州市平江、沧浪、金阊三城区生活垃圾处理费单位承担部分征收实施办法》（市市政公用局、市财政局、市物价局苏政管〔2007〕191号）转发给你们，请遵照执行。', '张家港市、常熟市、昆山市、太仓市、吴江市的生活垃圾处理费委托收缴事宜，可参照执行。吴中区、相城区、高新技术开发区(虎丘区)根据市府〔07〕65号文件中明确的另行规定。']",http://yjs.alphalawyer.cn/#/app/law-statute-manage?id=df225d2600db1fa5e2cabc91f1745496
e42284b8d965c39ea5ab456585e0a26e,转发市发改委《镇江市服务业发展绩效考核办法》及《2006年全市服务业发展指标...,"['转发市发改委《镇江市服务业发展绩效考核办法》及《2006年全市服务业发展指标和主要工作任务分解》的通知', '各辖市、区人民政府，镇江新区管委会，市各委办局，各直属单位、企事业单位：', '市发改委制定的《镇江市服务业发展绩效考核办法》及《2006年全市服务业发展指标和主要工作任务分解》已经市政府研究同意，现转发给你们，请结合实际，认真贯彻执行。']",http://yjs.alphalawyer.cn/#/app/law-statute-manage?id=e42284b8d965c39ea5ab456585e0a26e
82d1f6bb5be6285df8bba292d8d57176,全国人大常委会关于批准《〈禁止或限制使用某些可被认为具有过分伤害力或滥杀滥伤作用的常规武器公约〉所附的〈禁止或限制使用地雷、诱杀装置和其他装置的修正议书〉》和《〈禁止或限制使用某些可被认为具有过分伤害力或滥杀滥伤作用的常规武器公约〉附加议定书的决定,"['全国人民代表大会常务委员会关于批准《〈禁止或限制使用某些可被认为具有过分伤害力或滥杀滥伤作用的常规武器公约〉所附的〈禁止或限制使用地雷、诱杀装置和其他装置的修正议定书〉》和《〈禁止或', '限制使用某些可被认为具有过分伤害力或滥杀滥', '伤作用的常规武器公约〉附加议定书的决定']",http://yjs.alphalawyer.cn/#/app/law-statute-manage?id=82d1f6bb5be6285df8bba292d8d57176
252783cede854eacc915f254df755182,省体育局关于印发《江苏省体育强县（市）创建标准和评定办法》和《江苏省体育强镇（乡）创建标准和评定,"['各市、县（市、区）体育局（文体局、教体局）：', '为认真贯彻“三个代表”重要思想，以科学发展观统领体育工作全局，全面落实省委、省政府《关于进一步加强体育工作加快建设体育强省的决定》（苏发[2002]11号），努力夯实基层体育工作基础，又好又快地推进体育强省建设，决定在全省开展体育强县（市）和体育强镇（乡）创建活动。现将《江苏省体育强县（市）创建标准和评定办法》及《江苏省体育强镇（乡）创建标准和评定办法》印发给你们，请结合实际，认真贯彻执行。', '创建体育强县（市）和体育强镇（乡）是切实加强基层体育工作的有效措施，也是建设体育强省的重要基石。各地要进一步加强对创建活动的组织领导，从落实科学发展观、构建社会主义和谐社会的高度，自觉把体育工作融入“两个率先”中去，纳入当地国民经济和社会发展的总体规划，加快构建亲民便民利民的全民健身服务体系，不断提高体育的服务能力，促进体育事业全面协调可持续发展，为全面达小康，建设新江苏作出新的更大的贡献。']",http://yjs.alphalawyer.cn/#/app/law-statute-manage?id=252783cede854eacc915f254df755182
ba1490fb0cd116ad2e84696ff7f34fba,青海省人民政府办公厅关于转发省人事厅《关于省级行政机关人员定编定岗实施办法》、《关于省级行政机关人员分流安排实施办法》和《关于省级行政机关分流人员学习,青海省人民政府办公厅关于转发省人事厅《关于省级行政机关人员定编定岗实施办法》、《关于省级行政机关人员分流安排实施办法》和《关于省级行政机关分流人员学习培训办法》的通知,http://yjs.alphalawyer.cn/#/app/law-statute-manage?id=ba1490fb0cd116ad2e84696ff7f34fba
edbe25e69d078a718f5ca2ab08c637b8,《上海市教育委员会关于制定并印发〈上海市中职业学校教育技术装备标准〉的通知,"['上海市教育委员会关于制定并印发《上海市中等职业学校教育技术装备标准》的通知', '各委、局、控股（集团）公司、各区县教育局、浦东新区社会发展局：', '为贯彻实施《上海市人民政府关于大力推进本市职业教育改革与发展的决定》，加快中等职业教育现代化步伐，进一步扩大学校办学自主权，逐步形成具有现代职教特色教育技术装备保障体系，推动职业教育的改革和发展，我委组织制定了《上海市中等职业学校教育技术装备标准》（以下简称“装备标准”），其包括《上海市中等职业学校公共课实验（专用）室和基本设施装备标准》和《上海市中等职业学校专业实验（实训）室装备标准》两部分。现印发给你们，并就有关事项通知如下：']",http://yjs.alphalawyer.cn/#/app/law-statute-manage?id=edbe25e69d078a718f5ca2ab08c637b8
724e21339e2ea13c914102d420c73e73,能源部关于颁发《电力工业生产建设全过程安全监察的规定》、《电力行业生产性建设工程项目劳动安全和工业卫生实行三同时的规定》和《加强承包工作及多种经营安全,"['*注：本篇法规中的“电力工业生产建设全过程安全监察的规定”已被《国家电力监管委员会关于废止部分电力监管规章的决定》（发布日期：2008年1月28日实施日期：2008年1月28日）废止', '能源部关于颁发《电力工业生产建设全过程安全监察的规定》等三个文件的通知（１９９２年８月１５日能源安保（１９９２）７４８号）', '１９９１年１２月全国电力安全工作电话会议后下发了《电力工业生产建设全过程安全监察的规定》、《电力行业生产性建设工程项目劳动安全和工业卫生实行三同时的规定》、《加强承包工作及多种经营安全管理的若干规定》三个文件的讨论稿，各网、省局对此稿进行了认真讨论，半年中提出了许多宝贵意见，经归纳修改后形成了上述三个文件的报批稿。今年６月安徽合肥电力安全工作现场会上全体代表对这三个报批稿再次进行了深入讨论，经广泛征求意见，修改审定，现正式颁发实施。']",http://yjs.alphalawyer.cn/#/app/law-statute-manage?id=724e21339e2ea13c914102d420c73e73
87526211f976cdaf8e85fca1620ab283,安徽省粮食局关于印发《安徽省粮食流通监督检查工作流程图》和《安徽省粮食流通监督检查案件行政处罚流程图的通知,"['各市、县（市、区）粮食局：', '为适应新形势下粮食流通监督检查工作的要求，根据《中华人民共和国行政处罚法》、《粮食流通管理条例》、《粮食流通监督检查暂行办法》等法律、法规、规范性文件，省粮食局研究制定了《安徽省粮食流通监督检查工作流程图》和《安徽省粮食流通监督检查案件行政处罚流程图》，现印发给你们，请遵照执行。', '各地要进一步强化监督检查制度体系建设，促进粮食流通监督检查和行政处罚工作程序规范、公开透明、责任明确，形成权界清晰、分工合理、运转高效、法治保障的工作机制。']",http://yjs.alphalawyer.cn/#/app/law-statute-manage?id=87526211f976cdaf8e85fca1620ab283
88168669af42c7acca4b65eda8cfc851,中共金昌市委关于印发《中共金昌市委常委会完善学习制度的规定》、《中共甘肃省委常委会进一步完善密切联系群众工作的规定》、《中共甘肃省委常委会进一步改进调查研究工作的规定》、《中共甘肃省委进一步加强村党组织书记队伍建设的意见》、《中共甘肃省委进一步精简和,"['中共金昌市委关于印发《中共金昌市委常委会完善学习制度的规定》等七项制度的通知（市委发〔2013〕28号）', '永昌县委，金川区委，市委各部委，市直各部门、各单位及中央、省属在金各单位党委、工委、党组：', '《中共金昌市委常委会完善学习制度的规定》、《中共金昌市委常委会进一步完善密切联系群众工作的规定》、《中共金昌市委常委会进一步改进调查研究工作的规定》、《中共金昌市委进一步推进重大决策部署落实的规定》、《中共金昌市委进一步加强村党组织书记队伍建设的实施意见》、《中共金昌市委进一步加强全市性会议管理的规定》和《中共金昌市委进一步精简和规范文件简报的规定》等七项制度已经市委常委会议讨论通过，现印发给你们，请认真进行监督并贯彻执行。']",http://yjs.alphalawyer.cn/#/app/law-statute-manage?id=88168669af42c7acca4b65eda8cfc851
88a1ad94e2e583e76b67a6ef301aef92,转发交通部关于认真贯彻落实《道路运输企业质量信誉考核办法（试行）》及《机动车维修企业质量信誉考核办法..,"['广 东 省 交 通 运 输 厅', '粤交运函〔2008〕326 号', '━━━━━━━━━━━━━━━━━━━━━━━━━━━━━━']",http://yjs.alphalawyer.cn/#/app/law-statute-manage?id=88a1ad94e2e583e76b67a6ef301aef92
8999fea55fe262e37b8c870371a450c5,安徽省人民政府办公厅关于印发《安徽省事业单位分类实施方案》、《安徽省建立事业单位法人治理机构的试点意见》、《安徽省分类推进事业单位改革中财政有关政策的意见》、《安徽省分类推进事业单位改革中从事生产经营活动事业单位转制为企业的若干规定》、《安徽省分类推,"['安徽省人民政府办公厅关于印发分类推进事业单位改革配套文件的通知（皖政办〔2013〕43号）', '各市、县人民政府，省政府各部门、各直属机构：', '为贯彻落实《中共中央国务院关于分类推进事业单位改革的指导意见》（中发〔2011〕5号）和《中共安徽省委安徽省人民政府关于分类推进事业单位改革的实施意见》（皖发〔2013〕14号）精神，切实做好分类推进事业单位改革工作，经省政府同意，现将《安徽省事业单位分类实施方案》等6个配套文件印发给你们，请认真贯彻执行。']",http://yjs.alphalawyer.cn/#/app/law-statute-manage?id=8999fea55fe262e37b8c870371a450c5
bcf59966cd771310342c60c332ff0cb8,汕头市住房和城乡建设局关于印发《汕头市住房和城乡建设系统开展行政执法规范化建设工作方案》及《汕头市住房和城乡建设系统行政执法案卷评查工作制度》、《汕头市住房和城乡建设系统行政执法文书档案管理暂行办法》、《汕头市住房和城乡建设局行政处罚案件办理程序暂行,"['汕头市住房和城乡建设局关于印发《汕头市住房和城乡建设系统开展行政执法规范化建设工作方案》及三个配套规章制度的通知（汕住建〔2014〕7号）', '机关各科室，各区县住建局，各归口管理和直属事业单位：', '现将《汕头市住房和城乡建设系统开展行政执法规范化建设工作方案》以及《汕头市住房和城乡建设系统行政执法案卷评查工作制度》、《汕头市住房和城乡建设系统行政执法文书档案管理暂行办法》、《汕头市住房和城乡建设局行政处罚案件办理程序暂行规定》等三个配套规章制度印发给你们，请认真贯彻执行。']",http://yjs.alphalawyer.cn/#/app/law-statute-manage?id=bcf59966cd771310342c60c332ff0cb8
d48ddc7f57056be206d59203de41545,永州市人民政府关于公布继续实施的行政许可项目目录的决定依据《中华人民共和国行政许可法》和《湖南省人民政府关于公布继续实施的行政许可项目目录的决定,"['[2005]第2号', '《永州市人民政府关于公布继续实施的行政许可项目目录的决定》于2005年5月11日市人民政府第88次常务会议通过，现予公布，自2005年6月1日起施行。', '市长：刘爱才']",http://yjs.alphalawyer.cn/#/app/law-statute-manage?id=d48ddc7f57056be206d59203de41545
babd5e19984da3707ad48a7ede9cf270,包头市人民政府办公厅关于印发《包头市高层次创新创业和紧缺急需专业技术人才服务保障办法（试行）》、《包头市引进高层次创新创业和紧缺急需专业技术人才办法（试行）》、《包头市改进专业技术人才评价办法（试行）》、《包头市引导和鼓励专业技术人才到基层和生产一线工作办,"['包头市人民政府办公厅关于印发《包头市高层次创新创业和紧缺急需专业技术人才服务保障办法(试行)》、《包头市引进高层次创新创业和紧缺急需专业技术人才办法(试行)》、《包头市改进专业技术人才评价办法(试行)》、《包头市引导和鼓励专业技术人才到基层和生产一线工作办', '包头市人民政府办公厅关于印发包头市高层次创新创业和紧缺急需专业技术人才服务保障办法（试行）等四个办法的通知（包府办发〔2014〕148号）', '各旗、县、区人民政府，稀土高新区管委会，市直各部门、单位，中直、区直企事业单位：']",http://yjs.alphalawyer.cn/#/app/law-statute-manage?id=babd5e19984da3707ad48a7ede9cf270
f0459a170e7033c032b68552d5e68a55,深圳市财政委员会关于发布《关于推进我市非税收入收缴制度改革暨实施非税收入征管系统的通知》《关于进一步规范我市高等学校和职业技术学校票据使用和收费收入管理的通知》《关于进一步加强和规范财政票据使用管理的通知》《关于规范市本级非税系统上线单位财政票据管理,"['深圳市财政委员会关于发布《关于推进我市非税收入收缴制度改革暨实施非税收入征管系统的通知》等6份文件的通知（深财资〔2014〕5号）', '各有关单位：', '根据《深圳市行政机关规范性文件管理规定》（深圳市人民政府令第94号）的规定，我委对2010-2013年部分规范性文件进行了清理。根据清理结果，现将《关于推进我市非税收入收缴制度改革暨实施非税收入征管系统的通知》等6份文件予以公开发布。']",http://yjs.alphalawyer.cn/#/app/law-statute-manage?id=f0459a170e7033c032b68552d5e68a55
59a44133c94ae9f5f5fa9060fcf9e247,安徽省人民政府办公厅关于印发《安徽省支持自主创新能力建设实施细则（试行）》、《安徽省国家重点新产品研发后补助实施细则（试行）》、《安徽省鼓励科技人员创新创业实施细则（试行）》、《安徽省扶持高层次科技人才团队来皖创新创业实施细则（试行）》、《安徽省大型科学仪器,"['安徽省人民政府办公厅关于印发《安徽省支持自主创新能力建设实施细则(试行)》、《安徽省国家重点新产品研发后补助实施细则(试行)》、《安徽省鼓励科技人员创新创业实施细则(试行)》、《安徽省扶持高层次科技人才团队来皖创新创业实施细则(试行)》、《安徽省大型科学仪器', '安徽省人民政府办公厅关于印发实施创新驱动发展战略进一步加快创新型省份建设配套文件的通知（皖政办〔2014〕8号）', '各市、县人民政府，省政府各部门、各直属机构：']",http://yjs.alphalawyer.cn/#/app/law-statute-manage?id=59a44133c94ae9f5f5fa9060fcf9e247
