lid,title,ds_source,eff_level,dispatch_authority,effective_range,province
ea5691cadaa7228e6df19881baf12b97,轻型房屋钢结构工程设计专项资质丙级标准（暂行）,fg_crawl_faxin,地方法规/文件,,,
1fac33ab22f942bb8a3401a1cbe87bfc,中关村知识产权促进局关于申报2015年度示范园区专利创业专项资金的通知,fg_crawl_faxin,地方法规/文件,中关村知识产权促进局,,
418a561f656602dca8e4389ec7e3c6b0,临夏州住房公积金管理委员会关于印发《临夏州住房公积金归集暂行办法》、《临夏州住房公积金提取暂行办法》、《临夏州住房公积金个人贷款暂行办法》的通知,fg_crawl_faxin,地方法规/文件,临夏州住房公积金管理委员会,,
7e12ce7e131c820f6d667fa75757bb15,第三十九次农作物品种审定公告（品种简介）,fg_crawl_faxin,地方法规/文件,什邡市阳光农业科学推广所,,
daf15e2d71ed6d70be452affbc6541d4,辽省人口计生委关于开展7.11世界人口日宣传活动的通知,fg_crawl_faxin,地方法规/文件,辽省人口计生委,,
b6e4b2234049ec709fa7054f682971d4,交通运输部珠江航务管理局2012年补充录用公务员面试公告,fg_crawl_faxin,地方法规/文件,交通运输部珠江航务管理局,,
5981e9e11a8ff45bd60869db180d8809,《工程勘察设计单位年检管理办法》实施细则,fg_crawl_faxin,地方法规/文件,,,
b7627ad8eb34bf117656831446c138bf,关于企业工人流动的若干规定,fg_crawl_faxin,地方法规/文件,北京市人民政府,,
d4d9e787efed7fdbb07c1188bd8eae7f,全省工商行政管理系统依法行政考核评价暂行办法,fg_crawl_faxin,地方法规/文件,江苏省工商行政管理局,,
94bd4f213f06b6909369c9077258e3d8,证券账户使用信息申报全网测试方案,fg_crawl_faxin,地方法规/文件,,,
9276e23dc538b99438d62f450e80fdb6,公有居住房屋分列租赁户名的若干规定,fg_crawl_faxin,地方法规/文件,,,
1f7d7ab993cdcb133254f8c74af47842,证券公司股票报盘质押指引,fg_crawl_faxin,地方法规/文件,,,
a4e5944eb32fb43d712e89259b32c6c8,核发《种畜禽生产经营许可证》的种畜禽场名单,fg_crawl_faxin,地方法规/文件,江西省农业厅,,
2c4a27d62989356e04724a37a4ed5203,黔西南州政务服务中心关于印发《黔西南州政务大厅窗口人员考勤复核办法》的通知,fg_crawl_faxin,地方法规/文件,黔西南州政务服务中心,,
6aa6fcdfe01c748855fa16e69ed35f98,刑事法律适用问题解答（二）,fg_crawl_faxin,地方司法文件,,,
6a5a55fac62e6f4d5035c781b3b7588c,人身保险收付费风险管理操作规范,fg_crawl_faxin,地方法规/文件,,,
5140b8846ba03e0cc39537b0019166d8,深控办关于进一步规范和加强控制社会集团购买力工作的通知,fg_crawl_faxin,地方法规/文件,深控办,,
b90b649055f58836f6551ab7b2ac244f,省人民政府关于取消和调整一批行政审批项目的决定,fg_crawl_faxin,地方法规/文件,省人民政府,,
dfefd9f42b2e6a6640952bb61108495e,关于技术交易合同登记的若干规定,fg_crawl_faxin,地方法规/文件,北京技术市场协调指导办公室,,
b65abf6c140159b6ebdee4cadf244bc4,首都城市环境建设委员会、首都精神文明建设委员会关于在全市600个试点小区建立垃圾减量垃圾分类指导员队伍的指导意见,fg_crawl_faxin,地方法规/文件,首都精神文明建设委员会,,
3eb5ebc5690a77d007dcb303eaf85054,电子振兴基金管理办法,fg_crawl_faxin,地方法规/文件,北京市财政局,,
3142b7832c6e46ce584e8d5466dbf54a,关于实行凭《法定代表人证明书》、《法人授权委托证明书》签定经济合同的通知,fg_crawl_faxin,地方法规/文件,,,
b9dedd99b26cb13e91b857b2302ec9e1,住房公积金“二手房”、“以贷还贷”贷款实施细则,fg_crawl_faxin,地方法规/文件,,,
94d4c6aca79e8ca5d0650b4d22d7c338,煤矿安全评价人员职业准则,fg_crawl_faxin,地方法规/文件,山西省煤矿安全监察局,,
33c5612bca2f85c98e6ac3d9476f4a08,外商投资企业和外国企业所得税审批事项管理办法（试行）,fg_crawl_faxin,地方法规/文件,山东省国家税务局,,
45c3a155c6e47854ae4bf47e521ab7e2,批转省残联关于加快发展我省残疾人事业的意见的通知,fg_crawl_faxin,地方法规/文件,广东省人民政府,,
594e635b3720fc81044812b6961a08ae,签发空头支票行为行政处罚实施细则（试行）,fg_crawl_faxin,地方法规/文件,人民法院,,
7f7015efc3479abb4bdfb18a040b875f,二00二年公有住房出售方案,fg_crawl_faxin,地方法规/文件,上海市房屋土地资源管理局,,
9496da6f99e2b4b5dcae4db1c945a372,关于庆祝节日张挂标语的规定,fg_crawl_faxin,地方法规/文件,北京市人民政府,,
3bf58b7b7d65a59fd494b0198bce20bd,个人住房公积金贷款担保费补贴操作规定（2010修改）,fg_crawl_faxin,地方法规/文件,天津市住房公积金管理中心,,
18e901a79486a6b81050990a4550590f,首都精神文明建设委员会关于印发《文明单位建设管理办法》的通知,fg_crawl_faxin,地方法规/文件,首都精神文明建设委员会,,
963f88de13d1772ba75573e5040d40d4,办公楼物业管理服务规范,fg_crawl_faxin,地方法规/文件,,,
4d8703b5f93adbcb17cdabd09153e30e,人身损伤致残程度鉴定标准（试行）,fg_crawl_faxin,地方司法文件,,,
7013c24d8505116c2c2ca6185a121d35,天然橡胶（期货）检验细则（试行）,fg_crawl_faxin,地方法规/文件,,,
eb28f3d75a93c5cbe059673e60c85663,关于加强社会集资兴办的集体所有制企业登记管理的暂行规定,fg_crawl_faxin,地方法规/文件,北京市人民政府,,
f3c8a5f56f50c3f960c087e21504e496,“三来一补”工缴费统筹管理办法,fg_crawl_faxin,地方法规/文件,,,
2c9cda05d2b7b09ca9227c8aaf8982eb,平安堡镇政府信息公开工作制度,fg_crawl_faxin,地方法规/文件,,,
c0b42d8535fb0b44d3c223532d681548,简化房地产登记交易审批程序的实施办法,fg_crawl_faxin,地方法规/文件,,,
31828f8f8f125b8440b50242eae9dc7f,国土资源违法案件处罚依据和程序,fg_crawl_faxin,地方法规/文件,,,
a1e13d772e3bdde90431ebce9062a975,首都精神文明建设委员会关于印发《文明社区建设管理办法（试行）》的通知,fg_crawl_faxin,地方法规/文件,首都精神文明建设委员会,,
ae31c639b168582f30ea1ca40393ef06,外资处关于进口配额许可证分配的管理办法,fg_crawl_faxin,地方法规/文件,外资处,,
504bb03061433963b29d7610c6f1e825,税务登记注销管理工作规范（试行）,fg_crawl_faxin,地方法规/文件,浙江省地方税务局,,
7015fe432abd1e795c5963ba8c1be6c7,税务稽查选案工作规范（试行）,fg_crawl_faxin,地方法规/文件,浙江省地方税务局,,
c3f560221994e8f161f84d19b7de87ac,关于对饮食服务修理业实行行业管理的试行办法,fg_crawl_faxin,地方法规/文件,,,
95dbc39e2158d434fdb2f44d86e63cea,转发国务院批转财政部关于加强国有企业财务监督意见的通知,fg_crawl_faxin,地方法规/文件,大连市人民政府,,
3ff355550d0228026837541b212ac624,B股清算交收业务指南,fg_crawl_faxin,地方法规/文件,,,
e54bcd5451904be82d0db77733049f6b,2006年地质灾害危险性评估单位资质和地质灾害治理工程勘查、设计、施工及监理单位资质审批公告,fg_crawl_faxin,地方法规/文件,上海市房屋土地资源管理局,,
63be5405c6c0f7dd3f4e5917bd358ae6,全省性社会团体财务管理暂行办法,fg_crawl_faxin,地方法规/文件,,,
b7d10871bd16decad66edb5e61d8ee8b,关于生产经营清真食品必须尊重少数民族风俗习惯的若干规定,fg_crawl_faxin,地方法规/文件,北京市人民政府,,
a4c170b6ca29a0d638b696f391de9d6e,鲜奶收购环节增值税抵扣管理办法（试行）,fg_crawl_faxin,地方法规/文件,,,
f29b90734d701e042a7a88169070f50d,绥芬河—符拉迪沃斯托克“三日游”管理暂行办法,fg_crawl_faxin,地方法规/文件,,,
440ccca9eb17f5bc3b91cee115081dbb,北京市首都城市环境建设委员会、首都精神文明建设委员会关于在全市600个试点小区建立垃圾减量垃圾分类指导员队伍的指导意见,fg_crawl_faxin,地方法规/文件,首都精神文明建设委员会,,
e045785d7a92d0127b46b7de5a4d1ff3,新办全日制中等专业学校审核办法,fg_crawl_faxin,地方法规/文件,北京市人民政府,,
b7dde11b45ba56660dbe08e1d75055b7,关于中外合资经营企业缴纳中国职工待业保险基金和待业职工领取待业救济金的试行办法,fg_crawl_faxin,地方法规/文件,,,
78c0d9b287950f590359bb4bdbf35157,科技部、内蒙古自治区人民政府关于批准建设省部共建草原家畜生殖调控与繁育国家重点实验室的通知,fg_crawl_faxin,地方法规/文件,科学技术部,,
f269d6f469fb57012a78367a01ce7c0e,通告（关于贯彻执行《中华人民共和国枪枝管理办法》的有关事项）,fg_crawl_faxin,地方法规/文件,通告(,,
93c99ccfbe35ace456a34ed7cb2dae3,伊犁州建设局关于印发《伊犁州建设工程合同备案管理实施细则》的通知,fg_crawl_faxin,地方法规/文件,伊犁州建设局,,
901a05700fe765c7718bfa1dd00a87ac,中关村知识产权促进局关于征集国家知识产权局2012年度专利分析普及推广项目对接单位的通知,fg_crawl_faxin,地方法规/文件,中关村知识产权促进局,,
c94d9a306b5abd21d1925874a0ee379a,便民浴池管理规范（试行）,fg_crawl_faxin,地方法规/文件,,,
14bb4f76dc84deb2fedc89f73dc7fbda,配建及收购廉租房项目办理产权登记流程,fg_crawl_faxin,地方法规/文件,天津市国土资源和房屋管理局,,
f4966be351795941cc115ebabd42ff4a,关于专业技术人员调动收取教育培训补偿费的暂行规定,fg_crawl_faxin,地方法规/文件,北京市科技干部局,,
a7e5994bde9224d1fcb777e473628eba,阿坝州“5·12”抗震救灾指挥部关于切实做好救灾粮食、药品等救灾物资发放到村到户工作的紧急通知,fg_crawl_faxin,地方法规/文件,阿坝州“5·12”抗震救灾指挥部,,
2d602946700aed84d225deb00aa5e334,蘑菇峪乡2014年组织工作要点,fg_crawl_faxin,地方法规/文件,,,
6a0326aafb12d77c5b2ab68c99a721e5,民事行政检察息诉工作暂行办法,fg_crawl_faxin,地方司法文件,,,
6adf7d662a55bcb04eff320beb58f58c,社会保障民政专项经费管理办法,fg_crawl_faxin,地方法规/文件,北京市财政局,,
b69d1df80b5c6d7d3b48d49416551b14,海关总署开发了“商品规范申报辅助系统”,fg_crawl_faxin,地方法规/文件,,,
13f66156cb56959b479a05583aca2564,深港美元支票联合结算业务外汇管理暂行办法,fg_crawl_faxin,地方法规/文件,,,
bd961c7e1a2a02310bd987f7659e60e6,历史风貌建筑专项维修资金使用程序,fg_crawl_faxin,地方法规/文件,天津市国土资源和房屋管理局,,
7ed2a667e7d8181eecdc6ac85e64027,关于处理违章占地问题的意见,fg_crawl_faxin,地方法规/文件,市清查非农业用地办公室,,
b726bf6bc4dfc4137677cf5c3197caa4,关于实施《中华人民共和国食品卫生法（试行）》中几个问题的意见,fg_crawl_faxin,地方法规/文件,北京市人民政府,,
dae74601c44483edade24bac29ba4173,省农业机械管理局向社会公开承诺,fg_crawl_faxin,地方法规/文件,江苏省农业机械管理局,,
2a9333c24d670cce37432356773b1359,阿坝州“5·12”抗震救灾指挥部关于加强抗震救灾资金物资监督管理的通知,fg_crawl_faxin,地方法规/文件,阿坝州“5·12”抗震救灾指挥部,,
11f10aa26e85c3b8c3a3ff32fbde8bb3,阿坝州“5·12”抗震救灾指挥部关于加强救灾物资发放管理的紧急通知,fg_crawl_faxin,地方法规/文件,阿坝州“5·12”抗震救灾指挥部,,
c345356942f393b0aaed13b694cb22f6,关于征集国家能源交通重点建设基金的补充规定,fg_crawl_faxin,地方法规/文件,北京市人民政府,,
79a3669f7971efa21bc4dd601899b9e,高危行业重特大事故应急救援体系建设基本要求及条件导则,fg_crawl_faxin,地方法规/文件,江苏省安全生产监督管理局,,
2a5da6788f8691b594107b3fecea7e82,关于放活科研机构、放活科技人员政策的若干规定,fg_crawl_faxin,地方法规/文件,,,
5967aca61b77c470497262887bacba6c,律师事务所年度检查考核实施办法（试行）,fg_crawl_faxin,地方法规/文件,,,
8922938092c665a3f83506d7a12286dd,凉山州人民政府办公室关于印发州民政局等四部门关于“挽救生命、再造健康”行动儿童先天性心脏病救治工作实施方案的通知,fg_crawl_faxin,地方法规/文件,凉山州人民政府,,
c37239b193e16f6a91a12a89de8525ee,关于外商投资企业之间实行外汇调剂的通知,fg_crawl_faxin,地方法规/文件,,,
90ad2df948f743f26532336ec7222689,办理亲属关系公证试行办法,fg_crawl_faxin,地方法规/文件,浙江省司法厅,,
d1cd770d38eadc908e64c2bfd6242a16,规划行政许可听证暂行规定,fg_crawl_faxin,地方法规/文件,,,
cebd4360efc3f515b683812e85513e0f,B股境内结算参与人备付金账户及资金划拨业务指南,fg_crawl_faxin,地方法规/文件,,,
dfac3591b448cc124c33c663d2b6844e,凉山州人民政府关于加强行政复议规范化建设的通知,fg_crawl_faxin,地方法规/文件,凉山州人民政府,,
55d7a5fea4acfc13eabb12d343579054,成品油批发、仓储企业经营批准证书管理规定,fg_crawl_faxin,地方法规/文件,整顿管理办公室,,
3f9be3203635a1e31e771a6cbfe40d96,职工个人住房公积金支取办法的补充规定,fg_crawl_faxin,地方法规/文件,成都市住房委员会,,
940daf68dcea0ed443167f29052b89b7,日常税源管理下户工作规范（试行）,fg_crawl_faxin,地方法规/文件,浙江省地方税务局,,
34b13d2798481bcc8283a550041ec25c,长洲水利枢纽通航协调工作小组办公室关于加强长洲水利枢纽船闸船舶通航管理的通告,fg_crawl_faxin,地方法规/文件,长洲水利枢纽通航协调工作小组办公室,,
d5943a480ad76f8c3d5fd13261631fe1,门诊治疗重症精神病患者门诊医疗费用部分纳入统筹基金支付范围的暂行规定,fg_crawl_faxin,地方法规/文件,武汉市劳动和社会保障局,,
2e740cfe6ab121033c94d3e218c60396,关于加强车站、机场、交通要道税务稽查的规定,fg_crawl_faxin,地方法规/文件,北京市人民政府,,
3374764d347b15e87556bf16afbafc8d,关于调整Ｂ股发行及发放股息红利所涉外汇折算率的通知,fg_crawl_faxin,地方法规/文件,,,
78435249cee79717e847819f095a00b3,防治传染性非典型肺炎医学观察点管理办法,fg_crawl_faxin,地方法规/文件,,,
ba32b38fa57b76617842f7213eae415a,关于加强技术合同管理和仲裁工作的通知,fg_crawl_faxin,地方法规/文件,湖南省工商行政管理局,,
467c292217a4750688344873d2ece9bb,信息采集维护管理工作规范（试行）,fg_crawl_faxin,地方法规/文件,浙江省地方税务局,,
62dc6ee83b24c8fe906d8ad56ff50bc1,关于举办职业高中与职业学校的几项暂行规定,fg_crawl_faxin,地方法规/文件,北京市人民政府,,
68c42cda27cc71a7ec27ac176385663d,交通运输部珠江航务管理局2013年录用公务员面试公告,fg_crawl_faxin,地方法规/文件,交通运输部珠江航务管理局,,
e17ad18db790dad11b9c81b79ab85354,个人建造、翻建、大修公积金贷款细则（试行）,fg_crawl_faxin,地方法规/文件,,,
2e1ba1a59aa69bbec94edf5207e2e8a0,关于职工待业保险基金收缴办法的补充规定,fg_crawl_faxin,地方法规/文件,北京市劳动局,,
c8ea9b33216b9d219579340c8ff19307,B股业务登记结算服务指南,fg_crawl_faxin,地方法规/文件,年  月  日股东大会,,
21dee877bf00cf46d024ba54007180ce,蛙式打夯机安全管理规定,fg_crawl_faxin,地方法规/文件,北京市劳动局,,
bc739427a6be5d9e95ec180c283184f4,关于2013年“五一”期间对京藏高速公路采取交通管理措施的通告,fg_crawl_faxin,地方法规/文件,北京市公安局公安交通管理局,,
f1ccd447a496aad3b25e707802b2c8c6,批准发放《农作物种子经营许可证》的种子企业名单,fg_crawl_faxin,地方法规/文件,江西省农业厅,,
340626799e5a24c2302deec76d517802,关于2014年传统医学师承和确有专长人员医师资格考核时间的公告,fg_crawl_faxin,地方法规/文件,江西省卫生计生委,,
f3da237960a9e4fb5184b495e1bb9f8f,水土保持方案审批办法,fg_crawl_faxin,地方法规/文件,,,
18c8a2180ef25d9e88e0e9ff06fa0693,凉山州人民政府关于2011年生产要素保障部门考核情况的通报,fg_crawl_faxin,地方法规/文件,凉山州人民政府,,
bbb891d3548a8792c2eccea9b11b3308,西双版纳州新型墙体材料专项基金征收和使用管理规定,fg_crawl_faxin,地方法规/文件,西双版纳傣族自治州财政局,,
dd8f726c86e15c9aac6ebff428affd37,关于职工群众治安联防队的任务和队员职责的规定,fg_crawl_faxin,地方法规/文件,北京市人民政府,,
7a6fa8a742c73237b2181f5616b86bdf,建筑塔式起重机路基轨道安全管理规定,fg_crawl_faxin,地方法规/文件,北京市劳动局,,
6373e9495200faf18f963821147f9485,关于解决科技人员流动中擅自离职问题的通知,fg_crawl_faxin,地方法规/文件,,,
5c28d0692e274c5aa532f8e8d0d24bc7,“两挂”具体计算办法,fg_crawl_faxin,地方法规/文件,,,
1c147df9ea1a43a3c46a1c2924681da,关于推动科研生产横向联合的若干规定,fg_crawl_faxin,地方法规/文件,北京市人民政府,,
2a7d11228297b659e3f20ba4bbcfee99,保险公司信息化重要事项报告制度,fg_crawl_faxin,地方法规/文件,,,
bbdc733ea22290437bfc4969e71d75d1,企业向下岗待工人员劳务输出输入管理办法,fg_crawl_faxin,地方法规/文件,北京市劳动局,,
1d83e74c15e3bedfd65fb016640ead15,交通建设及公务活动八条禁令,fg_crawl_faxin,地方法规/文件,,,
acb37d041f93de2a7da44c1fccea308a,合格境外机构投资者境内证券投资登记结算业务指南,fg_crawl_faxin,地方法规/文件,,,
e207c801435f0559c330ab7e2a587fd0,日常税务检查管理办法（试行）,fg_crawl_faxin,地方法规/文件,苏州市地方税务局,,
2e68d3b308e11612ada261e91be28366,律师事务所执业许可实施办法（试行）,fg_crawl_faxin,地方法规/文件,,,
b5e9a79063a427e018edb1cdd4f476f9,关于国家机关、人民团体、事业单位工作人员死亡后遗属生活困难补助的暂行规定,fg_crawl_faxin,地方法规/文件,北京市人民政府,,
7c9292ef6083b16db1eb31096034c545,保险公司营销服务部管理指引,fg_crawl_faxin,地方法规/文件,,,
bff3d912514a1de4a270124350d9b8b3,规划设计条件核提办法（试行）,fg_crawl_faxin,地方法规/文件,天津市规划局,,
8f3a0f1cec62bbd8a886fd2ade4c79d6,2013年全省卫生法制工作要点,fg_crawl_faxin,地方法规/文件,,,
c8509cc86409903fba50a8afbd34efe0,甘孜州国家税务局关于印发《甘孜州国家税务局个体税收征收管理办法（试行）》的通知,fg_crawl_faxin,地方法规/文件,甘孜州国家税务局,,
904c57ec9b7ba0b9731447b3085e96d6,农村劳动力转移培训阳光工程项目管理办法（试行）,fg_crawl_faxin,地方法规/文件,,,
cb18781753059a2cc3dc3ae92d38bb90,关于清理和制止乱建围墙的规定,fg_crawl_faxin,地方法规/文件,北京市人民政府,,
a710ee776600ba04f0b6b963750fa24b,批准发放《主要农作物种子生产许可证》的种子企业名单,fg_crawl_faxin,地方法规/文件,江西省农业厅,,
235ae1486538e3b345c877d30199527d,水利水电施工企业承包堤防工程资质等级暂行规定,fg_crawl_faxin,地方法规/文件,四川省水利厅,,
255c027b2694870705ccc6e9a56e6dd4,首都精神文明建设委员会关于印发《文明村镇建设管理办法》的通知,fg_crawl_faxin,地方法规/文件,首都精神文明建设委员会,,
714fcfd5035e14eed28cf514b0784987,关于做好国务院令第140号发布的地震监测设施和地震观测环境保护条例的通知,fg_crawl_faxin,地方法规/文件,广东省人民政府,,
39466dc5eb176fd581b8f08177c9f77c,关于2014年医师资格考试有关事项的公告,fg_crawl_faxin,地方法规/文件,江西省卫生计生委,,
a994bf50afb13d824ebef3948fe1576f,申报的商品种类和企业目录,fg_crawl_faxin,地方法规/文件,甘肃省物价局,,
961f46d01b2d78f3d9bcfd3ff8bb8e15,关于对宾馆、饭店、招待所征收工商税的具体规定,fg_crawl_faxin,地方法规/文件,北京市人民政府,,
5958d37857196bcb8acedad28431509e,外商投资企业筹建期间有关财务管理若干问题的规定,fg_crawl_faxin,地方法规/文件,北京市财政局,,
2a87c9ff7b980a6caee1594054f811a5,固定资产投资方向调节税零税率项目（工程）跟踪管理方法,fg_crawl_faxin,地方法规/文件,北京市地方税务局,,
3034441581361d3b6bcd576605602a6e,2013年全省医疗管理工作要点,fg_crawl_faxin,地方法规/文件,,,
c8271bea505788ba6ab395323699c326,关于公布《“十二五”期推进全国内河船型标准化工作实施方案》的公告,fg_crawl_faxin,地方法规/文件,交通运输部公告2013年第50号――,,
c9a302bf570aca72e65a08a4dcf915fe,建设工程规划许可资料交接管理暂行规定,fg_crawl_faxin,地方法规/文件,,,
a42f24ff0ea120e612ed43c9a4a4dbec,西双版纳州电力用户受电装置安全管理办法（试行）,fg_crawl_faxin,地方法规/文件,西双版纳傣族自治州经济委员会,,
e00e84ac61e8d12edea2fce85ab21425,经营性网站备案登记管理暂行办法实施细则,fg_crawl_faxin,地方法规/文件,,,
76f3d2dff5917a18f1b343c25421d846,养老保险基金征缴目标责任制试行办法,fg_crawl_faxin,地方法规/文件,"北京市劳动和社会保障局,北京市财政局",,
8fa59db740402aae79da193717e8a134,外商投资项下外汇资本金结汇管理方式改革试点实施细则,fg_crawl_faxin,地方法规/文件,,,
ca6ffb6c0b25e08fb540bac39ee6b63d,首都精神文明建设委员会关于印发《文明街道建设管理办法（试行）》的通知,fg_crawl_faxin,地方法规/文件,首都精神文明建设委员会,,
bfd60f0714d9e52050e67b636c47e0d2,2013年全省卫生应急工作要点,fg_crawl_faxin,地方法规/文件,,,
a969c4ac365e7bedef5d7bc14e2205f8,2006年物业管理企业资质年检工作方案,fg_crawl_faxin,地方法规/文件,北京市建设委员会,,
e9e41c112e1fa93adb46ae5503621243,阿坝州人民政府办公室关于切实做好2013年消防工作的通知,fg_crawl_faxin,地方法规/文件,阿坝州人民政府,,
76020c49540e80f0f7ebb1cd3aa6781f,催报催缴管理工作规范（试行）,fg_crawl_faxin,地方法规/文件,浙江省地方税务局,,
a44f330eeca9622369e435aca9f6be0d,关于下放消毒产品生产企业卫生许可的公告,fg_crawl_faxin,地方法规/文件,内蒙古自治区卫生和计划生育委员会,,
295e1dc5909cfedc2b281f083ea292b3,暂停受理新设立拍卖公司的申请,fg_crawl_faxin,地方法规/文件,海南省商务厅,,
dd5a6104b58489dd060cc20c9db6568b,中华人民共和国水利部关于《全国水土保持规划（2015-2030年）》公开征求意见的通知,fg_crawl_faxin,地方法规/文件,中华人民共和国水利部,,
bb852a241d4891ff32d256a8a10e946e,关于封存的非生产用机动车辆的处理办法,fg_crawl_faxin,地方法规/文件,北京市人民政府,,
659bbc6640965edd0c290acb035df9c5,国有农口企事业单位结构调整资金管理办法,fg_crawl_faxin,地方法规/文件,北京市财政局,,
2db13729c1673a4f949c5c39ac40b55f,关于2013年清明节期间对京藏高速公路采取交通管理措施的通告,fg_crawl_faxin,地方法规/文件,北京市公安局公安交通管理局,,
3012e4ead8e2cf41f59229056ce5ca02,关于防治牲畜五号病的若干规定,fg_crawl_faxin,地方法规/文件,北京市人民政府,,
c7ef61d53e2b363d7bdac66ad3ed5ae2,“海聚工程”短期项目实施细则,fg_crawl_faxin,地方法规/文件,,,
dbe776039de30237687046c198a57d44,中关村知识产权促进局关于申报2015年度示范园区专利战略专项资金的通知,fg_crawl_faxin,地方法规/文件,中关村知识产权促进局,,
dcf0e574c943383e357f91c7ebfc6785,关于加强要害部门、要害部位保卫工作的若干规定,fg_crawl_faxin,地方法规/文件,北京市公安局,,
5dbd8c37b1a9b6004559e1818a5d3af8,特困国有企业和破产、改制国有企业、出再就业服务中心解除劳动合同职工基本医疗保险若干规定,fg_crawl_faxin,地方法规/文件,武汉市劳动和社会保障局,,
d62f3529ec24646c06b41c6737529efe,建筑组装式井字架安全管理规定,fg_crawl_faxin,地方法规/文件,北京市劳动局,,
386d03def8ee280a03bece2c4f7712f3,建筑幕墙物理性能检测的暂行规定（2004修改）,fg_crawl_faxin,地方法规/文件,,,
90d224b480bfe38334f66d99a2d25f53,授予进贤长江水系中华绒螯蟹良种场为“省级水产良种场”,fg_crawl_faxin,地方法规/文件,江西省农业厅,,
7fa0b4c01404c58af386ee16576e8024,批准发放《农作物种子经营许可证》的种子企业名单,fg_crawl_faxin,地方法规/文件,江西省农业厅,,
81fd1bb74878e33057fbf8ea72398320,用人单位为退休人员缴纳一次性基本医疗保险费办法,fg_crawl_faxin,地方法规/文件,武汉市劳动和社会保障局,,
22000519abc0d29c01ab6eec023cfde,办理出生公证试行办法,fg_crawl_faxin,地方法规/文件,浙江省司法厅,,
1761a318faddbc415389fba23dcdbfb,交通运输部珠江航务管理局关于建立西江航运干线船型标准化工作联系机制的通知,fg_crawl_faxin,地方法规/文件,交通运输部珠江航务管理局,,
b9059a58678ad6e90683be32808c1896,2007年林木良种名录,fg_crawl_faxin,地方法规/文件,四川省林业厅,,
911c95d3650c9948857464cb444fbdee,买断式回购登记结算业务指南,fg_crawl_faxin,地方法规/文件,,,
7867659579509bab63157b7d61b01501,交通运输部珠江航务管理局关于印发西江干线省际水路运输企业安全生产标准化建设实施方案和配套管理办法的通知,fg_crawl_faxin,地方法规/文件,交通运输部珠江航务管理局,,
b5d0c34257f46361102dfcc523b27037,中关村知识产权促进局关于申报2014年度专利保险试点单位的通知,fg_crawl_faxin,地方法规/文件,中关村知识产权促进局,,
e1bd003bf8d4aaf34188f1281e768e47,关于全民所有制工业企业招标确定经营者的暂行规定,fg_crawl_faxin,地方法规/文件,北京市人民政府,,
a26773fb735599610360a979db701a06,凉山州人民政府关于表彰2011年度先进企业的通报,fg_crawl_faxin,地方法规/文件,凉山州人民政府,,
bbff77291d4082349ebf4b0ca71858b5,凉山州人民政府办公室关于成立“十二五”开放型经济发展规划课题领导小组的通知,fg_crawl_faxin,地方法规/文件,凉山州人民政府,,
a4255cdb0eaddc9c18a248cf14fd4e26,首都文明单位创建管理办法（试行）,fg_crawl_faxin,地方法规/文件,首都精神文明建设委员会,,
7ce29681d0c807bf227c6a0dfacca9fe,批准发放《主要农作物种子生产许可证》的种子企业名单,fg_crawl_faxin,地方法规/文件,江西省农业厅,,
a8ed937b642e9a7362ece0b69141770e,关于受理地质灾害危险性评估和地质灾害治理工程勘查设计施工监理丙级资质单位申请的公告,fg_crawl_faxin,地方法规/文件,陕西省国土资源厅,,
943f175ee9a9ebaaa14f2a87207347f2,阿坝州抗震救灾指挥部关于认真做好受灾群众住房安置工作的通知,fg_crawl_faxin,地方法规/文件,阿坝州抗震救灾指挥部,,
936b5d0336d9b4f5acfbb1553dfa90c2,民事法律适用问答,fg_crawl_faxin,地方司法文件,,,
35e7cc41d2eafa8a4e7e6cdea4f32a34,关于加强机关、团体、企事业单位治安防范工作的若干规定（试行）,fg_crawl_faxin,地方法规/文件,北京市公安局,,
492dbf89e011b6d84021ea18cf3b5947,西昌铁路运输检察院、西昌铁路运输法院关于进一步发挥民行检察职能作用的实施意见（试行）,fg_crawl_faxin,地方司法文件,"西昌铁路运输检察院,西昌铁路运输法院",,
c79cef2652ca84782411d5d4807ddd13,阿坝州抗震救灾指挥部关于进一步加强抗震救灾资金管理的通知,fg_crawl_faxin,地方法规/文件,阿坝州抗震救灾指挥部,,
86eb05b98f849f24faef0d172166b887,关于农民进入集镇落户问题的若干规定,fg_crawl_faxin,地方法规/文件,北京市人民政府,,
987a724396b3fc38af1fd0ae2ff6fc2,关于外地企业和个人来京兴办第三产业的若干规定,fg_crawl_faxin,地方法规/文件,北京市计划委员会,,
a3f9c50b0b0ead69e0c664c2f1dd670e,2008年两级价格评估机构资质认定名单（第一批）,fg_crawl_faxin,地方法规/文件,,,
65c97cb7bbe5ea1c4125e59dba6a4da1,概算编制管理办法,fg_crawl_faxin,地方法规/文件,甘肃省住房和城乡建设厅,,
6bf2c17ab948178d9ec0efc454719d7e,财政干部岗位资格管理暂行办法,fg_crawl_faxin,地方法规/文件,,,
8497f2033eac7814bf70efcb19487738,首都规划建设委员会办公室、计委、财政局、建行关于勘察设计单位实行技术经济责任制若干问题的补充通知,fg_crawl_faxin,地方法规/文件,首都规划建设委员会,,
8b8f5631b67cf14ec68e13fe9038f10b,非正常户管理工作规范（试行）,fg_crawl_faxin,地方法规/文件,浙江省地方税务局,,
5cad785b036e6885396ded78d7bfd82d,首都文明办关于印发《第四届首都道德模范评选表彰活动方案》的通知,fg_crawl_faxin,地方法规/文件,首都文明办,,
ed82c8a34a8272a32884cb1bf79c2a16,留学人员申请办理外国人居留证签证管理办法,fg_crawl_faxin,地方法规/文件,,,
b72fd31f4b1f01748502223ad26d95e4,创建旅游购物环境最佳活动实施方案,fg_crawl_faxin,地方法规/文件,,,
d2d2959d9480be25ae9075539d47c9fa,关于所外执行劳动教养的暂行规定,fg_crawl_faxin,地方法规/文件,北京市人民政府,,
8bdc9f5ab33d417595a983bfecbf64cb,阿坝州“5·12”抗震救灾指挥部关于鼓励农村居民自建过渡期安置房的通知,fg_crawl_faxin,地方法规/文件,阿坝州“5·12”抗震救灾指挥部,,
71dcf35d48304201b36c4c813d15b1ce,关于认真做好退休干部管理工作的意见,fg_crawl_faxin,地方法规/文件,北京市人民政府,,
14efb047d973a98107fc922dca402045,建筑工程深基坑（槽）施工安全生产专项整治规定,fg_crawl_faxin,地方法规/文件,昆明市建设安全协会技术服务部,,
c1a45ed9ede2dc6a0ba96eae095cb652,建筑幕墙工程设计专项资质丙级标准（暂行）,fg_crawl_faxin,地方法规/文件,,,
b2acb8606358e2fb094548b8ffe46a2b,下调承包金标准,fg_crawl_faxin,地方法规/文件,,,
a73bd25cb9dcab98005898bb5e2abf88,关于企业治安保卫责任制的暂行规定,fg_crawl_faxin,地方法规/文件,北京市人民政府,,
71fa3f4dcfe2ddd48594094aa725c316,煤矿安全生产检测检验人员职业准则,fg_crawl_faxin,地方法规/文件,山西省煤矿安全监察局,,
ed431cca9cac9cde3c385c22a3fb23de,中国银行业监督管理委员会关于核准肖舟银行业金融机构高级管理人员任职资格的批复,fg_crawl_faxin,地方法规/文件,中国银行业监督管理委员会,,
52b365ed04c59326c0cb136cd6b92651,关于严格控制公费安装家庭电话的若干规定,fg_crawl_faxin,地方法规/文件,,,
79cda8d499c949e9524ebe09756fabab,德宏州人民政府法制局关于废止《德宏州人民政府关于互联网上网服务营业场所和电子游戏场所管理的暂行办法》部分条款的决定,fg_crawl_faxin,地方法规/文件,德宏州人民政府法制局,,
ed702a049de27727ddede9d797cea66c,《企业职工工伤保险试行办法》实施细则,fg_crawl_faxin,地方法规/文件,江西省劳动和社会保障厅,,
6b10a2cc6ac891f9b66d2e3e14f39bbd,交通运输部珠江航务管理局关于直接认定从事西江干线省际水路运输企业安全生产标准化考评员资格的通知,fg_crawl_faxin,地方法规/文件,交通运输部珠江航务管理局,,
417cd17efa283603fd77968dc2b9bc05,收转发国家税务总局关于认真做好涉外税收稽查工作的通知,fg_crawl_faxin,地方法规/文件,,,
26b8f25cb48f479e522b9647ccc5d181,出入境人员卫生检疫办法,fg_crawl_faxin,地方法规/文件,中华人民共和国成都卫生检疫局,,
e6cde9d203ca0168463685678ed7e8de,外商投资企业监督管理规范,fg_crawl_faxin,地方法规/文件,江苏省工商行政管理局,,
f1a1dda5e7ae45542d756c93ef8ca408,2011年“大学生村医”计划实施办法,fg_crawl_faxin,地方法规/文件,,,
f1a1d0c93c3abf04a3c5b13b87bedc74,2007年节能减排目标完成情况和措施落实情况考核评价结果,fg_crawl_faxin,地方法规/文件,自治区节能减排领导小组办公室,,
8f18879f5017e261f73863220f131513,交通运输部珠江航务管理局关于开展认定拟从事西江干线省际水路运输企业安全生产标准化考评机构的通知,fg_crawl_faxin,地方法规/文件,交通运输部珠江航务管理局,,
671e778d571546c6f8c620ca947cacac,刑事实务问答,fg_crawl_faxin,地方司法文件,,,
6b401cd428e2d2d1225669cabc7f5248,2004年度驻沪记者站年检公告,fg_crawl_faxin,地方法规/文件,上海市新闻出版局,,
fbd8a380a7a22e49ba939cdcb4ea76ad,关于建设工程实行提前竣工奖的若干规定,fg_crawl_faxin,地方法规/文件,北京市人民政府,,
2f2076069d33d6b9588d9f0622e08ad,关于锅炉压力容器制造工厂安全监察暂行规定,fg_crawl_faxin,地方法规/文件,北京市人民政府,,
47f6d18d56e4ca817fee370960ad0aca,深交所基金受益凭证交易、清算管理办法,fg_crawl_faxin,地方法规/文件,,,
6b66890e896402f5e1830c77efc61388,交通部珠江航务管理局关于规范珠江跨省液货危险品船和客船经营管理有关问题的通知,fg_crawl_faxin,地方法规/文件,交通运输部珠江航务管理局,,
23fe787a85ca0f19bd7d776b24ef8473,关于处理卖淫活动的暂行规定,fg_crawl_faxin,地方法规/文件,北京市公安局,,
8af6184f63ef062e5c8b8e30f6c15b1c,德宏州人民政府办公室、德宏州保密局关于印发德宏州政府信息公开保密审查办法（试行）的通知,fg_crawl_faxin,地方法规/文件,"德宏州人民政府,德宏州保密局",,
23e2aeacf466bd6ca30521358b3e7fff,对被许可人从事规划行政许可事项的活动实施监督检查暂行规定,fg_crawl_faxin,地方法规/文件,,,
eded199afa69c3688f82aa2f883b6af5,凉山州人民政府办公室关于成立凉山州医疗卫生建设项目实施工作领导小组的通知,fg_crawl_faxin,地方法规/文件,凉山州人民政府,,
a2df5898a2d04cbc5570d1b75d75cb61,“江淮普法行”律师之旅活动方案,fg_crawl_faxin,地方法规/文件,马鞍山市律师协会,,
9d999fb6532fe7882c8aff66823f53f,关于职业中学（职业高中班）向录用毕业生单位收取培训费的规定〔试行〕,fg_crawl_faxin,地方法规/文件,北京市人民政府,,
cb99dce3587cdb1bdd6448b1267a5413,首都精神文明办公室关于印发《关于开展“传承奥运精神、文明重在行动－－我参与、我奉献、我快乐”主题教育实践活动的方案》的通知,fg_crawl_faxin,地方法规/文件,首都精神文明办公室,,
d7929b9fe63a6a2e57ed7e07f45db612,松花江水系环境质量标准（暂行）,fg_crawl_faxin,地方法规/文件,吉林省人民政府,,
eed766baa05fc4205e22603605a5b1aa,结算账户管理及资金结算业务指南,fg_crawl_faxin,地方法规/文件,,,
9b55b6b23c355c52523e6169850e3ff9,关于表彰2011年度安全生产示范乡镇（街道）的通报,fg_crawl_faxin,地方法规/文件,,,
bede9c4263b66fd73d50b8bc86506c92,2008年林木良种名录,fg_crawl_faxin,地方法规/文件,四川省林业厅,,
3d7e55c03825f407733169b8172f606c,经营性网站备案登记管理暂行办法,fg_crawl_faxin,地方法规/文件,,,
672bc2935117653cdce07ec0bd41f02a,广交会展位分配原则（暂行）,fg_crawl_faxin,地方法规/文件,云南省商务厅,,
371daf414cbbc4adf56e295cadbcfd6c,2006年省级农业新技术示范与推广项目专家评审管理办法,fg_crawl_faxin,地方法规/文件,江西省农业厅,,
ab0a6c052526a24767c9190ef5d91245,首都医药卫生协调委员会办公室关于进一步加强医院卫生间管理工作的通知,fg_crawl_faxin,地方法规/文件,首都医药卫生协调委员会办公室,,
d02b08a84d0ec8af4fc107460443e1cd,关于按现代化要求搞好城乡规划建设管理工作的通知,fg_crawl_faxin,地方法规/文件,广东省人民政府,,
fc489d2a9fa7b8a28f8cb11b47b92710,全省退役士兵职业技能培训资金管理办法,fg_crawl_faxin,地方法规/文件,,,
5edaffe7b42824ecec2352b70a0a08d5,粮食收购资金供应与封闭运行管理办法,fg_crawl_faxin,地方法规/文件,,,
6714ed322241cb00804e7a5e4d8f675c,民事行政申诉案件办案流程时限管理规定（试行）,fg_crawl_faxin,地方司法文件,,,
123c2920fd74c984f8fc381b96fdc2b7,刑事法律适用问题解答（一）,fg_crawl_faxin,地方司法文件,,,
5e4c9f5140ea480b8c9282327b41e001,企业所得税征收方式认定管理办法（试行）,fg_crawl_faxin,地方法规/文件,,,
cccf41c57f99864cc5aa1527f86780dd,首都精神文明建设委员会办公室关于印发《“消防连着你我他平安幸福进万家”主题宣传教育活动工作方案》的通知,fg_crawl_faxin,地方法规/文件,首都精神文明建设委员会,,
d372ecda63de9ec4c29bd306885129d4,津蓟高速公路车辆通行费收费标准,fg_crawl_faxin,地方法规/文件,天津市物价局,,
7d001950ea1164b714f2140f5b048817,“海聚工程”青年项目工作细则,fg_crawl_faxin,地方法规/文件,,,
31dd512965236a62aec75ff37394b2ea,关于经销五种国产家用电器的若干规定,fg_crawl_faxin,地方法规/文件,北京市人民政府,,
c64259c0d9bbbe68471cd5dba21f48c,首都规划建委办、财政局转发建设部、财政部关于严禁将勘察设计费转为科技咨询费或其它费用分给个人的通知,fg_crawl_faxin,地方法规/文件,"首都规划建委办,财政局",,
7440bdb11e84cb52da43231454def89c,社会文教事业单位财务管理若干问题暂行规定,fg_crawl_faxin,地方法规/文件,,,
44d8160c4e6e503195cda2fbfd5e5eb0,关于企业建立护厂队的试行办法,fg_crawl_faxin,地方法规/文件,北京市公安局,,
b3d6d5c08bebe2b590e8f1e638597bf9,同意变更《农作物种子经营许可证》的种子企业名单（第二十批）,fg_crawl_faxin,地方法规/文件,江西省农业厅,,
fdebc0ed9596138e9708b92eebc767fc,保险公司统计分析报告指引,fg_crawl_faxin,地方法规/文件,,,
731b13cffee751368bec8f94b1c08bee,医疗机构药品医用材料集中招标采购实施方案,fg_crawl_faxin,地方法规/文件,,,
850d71673e43e4d8a7491f0e65bdc872,外地在京购房交易试行办法,fg_crawl_faxin,地方法规/文件,,,
5ef57220dafd1e8148720ccdf56a3df,中共黔西南州委办公室关于认真贯彻落实《中共贵州省委办公厅印发〈关于加强新形势下发展党员和党员管理工作的实施意见〉的通知》的通知,fg_crawl_faxin,地方法规/文件,中共黔西南州委办公室,,
585e8405e842cab93b775b12f5af3054,非正规就业劳动组织认定管理试行办法,fg_crawl_faxin,地方法规/文件,上海市再就业工程领导小组办公室,,
ee73c4870e198c13959d0ce27827223c,环保违法行为有奖举报办法,fg_crawl_faxin,地方法规/文件,,,
b342a7ef5964c6799e2d51061cb59140,关于加强商业服务业网点建设的补充规定,fg_crawl_faxin,地方法规/文件,北京市人民政府,,
d80ec9c6fd2ff6cd7dec97c539bd1a87,办理婚姻状况公证试行办法,fg_crawl_faxin,地方法规/文件,浙江省司法厅,,
fd888ad97cdb234bd6241515637e4db6,建设厅规范性文件制作程序规定,fg_crawl_faxin,地方法规/文件,,,
d7a4c388a75a83ddf76ecec16370b97,中共临夏州委关于认真学习宣传贯彻党的十八届三中全会精神的通知,fg_crawl_faxin,地方法规/文件,中共临夏州委,,
fefadf08e6b16a6568d069713c445f39,深港美元支票联合结算管理暂行办法,fg_crawl_faxin,地方法规/文件,,,
6c5dd7b9812ffe0ec0287f7bb9d5fcbf,关于对外商承包工程作业和提供劳务税收管理的暂行办法,fg_crawl_faxin,地方法规/文件,,,
40ff803d0f3c2c00add6af9d6cecb266,关于物价计量信得过单位评选活动管理的试行办法,fg_crawl_faxin,地方法规/文件,北京市物价局,,
fe2d0a87a462665060dc4f5fbeb54a0b,立案问题解答,fg_crawl_faxin,地方司法文件,,,
a62939e09712f3f6315098cb9785abc3,在沪施工企业安全质量诚信考评办法,fg_crawl_faxin,地方法规/文件,,,
4c4ed95c7706f72f2b68ca638cd34234,2015年节能、循环经济和资源节约重大项目中央预算内投资计划公示,fg_crawl_faxin,地方法规/文件,,,
6cb21d1c3810e4e16401a45428bbd3a9,规划管理公示暂行规定,fg_crawl_faxin,地方法规/文件,,,
ab906ddf5613e0cf6c1ef5db622c72c7,关于马传染性贫血病的防治办法,fg_crawl_faxin,地方法规/文件,北京市人民政府,,
740e34c8c999213312c2e775e2bd9562,外商投资企业和外国企业所得税审核备案项目后续管理办法（试行）,fg_crawl_faxin,地方法规/文件,山东省国家税务局,,
8595b7461187024d7e6626e5aedc0c20,电话信息分台审批管理暂行办法,fg_crawl_faxin,地方法规/文件,北京市通信行业管理办公室,,
2f6f991f9f4317bac9ed812dd70a2448,轻微交通事故当事人自行协商处理及保险快速理赔若干规定（试行）,fg_crawl_faxin,地方法规/文件,,,
58bdb6495d5a5f55810452a666764751,关于封存非生产用机动车的管理办法,fg_crawl_faxin,地方法规/文件,北京市人民政府,,
e0a74a5a4ec98777e46df92eac45e10e,2007年已核发饲料添加剂产品、添加剂预混合饲料产品批准文号汇总表,fg_crawl_faxin,地方法规/文件,江西省农业厅,,
28605da7ee7e7bb66be88f4588fa35d2,剧毒物品管理暂行办法,fg_crawl_faxin,地方法规/文件,北京市公安局,,
808d467ad57e6b45dcda21df2a79d419,房屋安全鉴定管理办法,fg_crawl_faxin,地方法规/文件,天津市国土资源和房屋管理局,,
5463b1092ffb74b7852583984f50acc,首都规划建设委员会关于北京市区建筑高度控制方案的决定,fg_crawl_faxin,地方法规/文件,首都规划建设委员会,,
edf4ffeb0d316b1332f1aafb570fa77,关于中外股份有限公司设立程序的暂行规定,fg_crawl_faxin,地方法规/文件,上海市外国投资工作委员会,,
d83a4f941e00fa72900d13fc842a2142,异地在津社会团体申请筹备成立登记实施办法,fg_crawl_faxin,地方法规/文件,天津市人民政府经济协作办公室,,
e7e8ee62ee3ecd3adfb2999614232dfa,物业管理中责令限期改正、责令限期拆除有关问题解答,fg_crawl_faxin,地方司法文件,,,
74510098557c671a62d46bd1cc24158d,关于小口径射击活动审批和枪枝弹药管理使用的意见,fg_crawl_faxin,地方法规/文件,北京市人民政府,,
d098fcd56eabd04cc71cc8d33e8b0933,2009年林木良种名录,fg_crawl_faxin,地方法规/文件,四川省林业厅,,
2b6343708a9268e0120297fd63d2c838,发放农作物种子经营许可证和农作物种子生产许可证的公告,fg_crawl_faxin,地方法规/文件,上海市农业委员会,,
b2fde2f847d2970924771b51072e557a,西双版纳州散装水泥专项资金征收和使用管理规定,fg_crawl_faxin,地方法规/文件,西双版纳傣族自治州财政局,,
806bb5e04d66edc12c8733507bf17941,残疾人专用车管理暂行规定（2012重新发布）,fg_crawl_faxin,地方法规/文件,残疾人专用车管理暂行规定(2012重新,,
47feb5311991aa4268b8467953b64740,优诊医疗照顾实施办法,fg_crawl_faxin,地方法规/文件,北京市财政局,,
9f87b548995fa8fe41504d8d4cf7b932,审判执行工作管理若干规定（试行）,fg_crawl_faxin,地方法规/文件,,,
b4167e5091a12446037a7fea5d0d0ae,税政业务通知单－关于几个税政业务问题的处理意见,fg_crawl_faxin,地方法规/文件,税政业务通知单－,,
2ba6c9d02b10000aea4a2f10b9247199,国库大额和非正常拨款、退库审核制度（试行）,fg_crawl_faxin,地方法规/文件,,,
753a7fb561393019f9ca29f829ff8690,律师执业许可实施办法（试行）,fg_crawl_faxin,地方法规/文件,,,
754001e9f7efc1439ee9dec70f9c4e08,建设项目配建停车位规划管理暂行规定,fg_crawl_faxin,地方法规/文件,,,
d9354c6d994f6eab32bcc866b8112b89,关于加强全省环境网站建设和网络信息上报工作的通知,fg_crawl_faxin,地方法规/文件,河北省环境保护厅,,
8e9afe4f9411c7bdd05734e332d7f7e1,关于办好工读学校的几点意见,fg_crawl_faxin,地方法规/文件,北京市人民政府,,
1008acb0f6133f2841518a36a42ec291,煤炭工业建设工程质量认证办法,fg_crawl_faxin,地方法规/文件,,,
c76aff0711df50fd022ae3a6b300039b,批准发放、同意变更农作物种子经营许可证的种子企业名单,fg_crawl_faxin,地方法规/文件,江西省农业厅,,
c751078c13485e69d4c31b4d951ed5f9,煤炭工业建设工程质量监督工作规则,fg_crawl_faxin,地方法规/文件,,,
